{
    "env_id": 709,
    "times": [
        0.2848982810974121,
        0.5337774753570557,
        0.8219456672668457,
        1.061896800994873,
        1.2436926364898682,
        1.4168500900268555,
        1.6028835773468018,
        1.761031150817871,
        1.987525224685669,
        1.987525224685669,
        1.987525224685669,
        1.987525224685669,
        1.987525224685669,
        1.987525224685669,
        1.987525224685669,
        1.987525224685669,
        1.987525224685669,
        1.987525224685669,
        1.987525224685669
    ],
    "wcd_changes": [
        0,
        1,
        1,
        2,
        2,
        2,
        2,
        0,
        2,
        2,
        2,
        2,
        2,
        2,
        2,
        2,
        2,
        2,
        2
    ],
    "budgets": [
        [
            1,
            0
        ],
        [
            2,
            0
        ],
        [
            3,
            0
        ],
        [
            4,
            0
        ],
        [
            5,
            0
        ],
        [
            6,
            0
        ],
        [
            7,
            0
        ],
        [
            7,
            1
        ],
        [
            8,
            1
        ],
        [
            8,
            1
        ],
        [
            8,
            1
        ],
        [
            8,
            1
        ],
        [
            8,
            1
        ],
        [
            8,
            1
        ],
        [
            8,
            1
        ],
        [
            8,
            1
        ],
        [
            8,
            1
        ],
        [
            8,
            1
        ],
        [
            8,
            1
        ]
    ],
    "max_budgets": [
        19
    ],
    "num_changes": [
        [
            1,
            0
        ],
        [
            2,
            0
        ],
        [
            3,
            0
        ],
        [
            4,
            0
        ],
        [
            5,
            0
        ],
        [
            6,
            0
        ],
        [
            7,
            0
        ],
        [
            7,
            1
        ],
        [
            8,
            1
        ],
        [
            8,
            1
        ],
        [
            8,
            1
        ],
        [
            8,
            1
        ],
        [
            8,
            1
        ],
        [
            8,
            1
        ],
        [
            8,
            1
        ],
        [
            8,
            1
        ],
        [
            8,
            1
        ],
        [
            8,
            1
        ],
        [
            8,
            1
        ]
    ]
}