{
    "env_id": 1,
    "times": [
        0.2079787254333496,
        0.3975861072540283,
        0.3975861072540283,
        0.3975861072540283,
        0.3975861072540283,
        0.3975861072540283,
        0.3975861072540283,
        0.3975861072540283,
        0.3975861072540283,
        0.3975861072540283,
        0.3975861072540283,
        0.3975861072540283,
        0.3975861072540283,
        0.3975861072540283,
        0.3975861072540283,
        0.3975861072540283,
        0.3975861072540283,
        0.3975861072540283,
        0.3975861072540283
    ],
    "wcd_changes": [
        2,
        6,
        6,
        6,
        6,
        6,
        6,
        6,
        6,
        6,
        6,
        6,
        6,
        6,
        6,
        6,
        6,
        6,
        6
    ],
    "budgets": [
        [
            0,
            1
        ],
        [
            1,
            1
        ],
        [
            1,
            1
        ],
        [
            1,
            1
        ],
        [
            1,
            1
        ],
        [
            1,
            1
        ],
        [
            1,
            1
        ],
        [
            1,
            1
        ],
        [
            1,
            1
        ],
        [
            1,
            1
        ],
        [
            1,
            1
        ],
        [
            1,
            1
        ],
        [
            1,
            1
        ],
        [
            1,
            1
        ],
        [
            1,
            1
        ],
        [
            1,
            1
        ],
        [
            1,
            1
        ],
        [
            1,
            1
        ],
        [
            1,
            1
        ]
    ],
    "max_budgets": [
        19
    ],
    "num_changes": [
        [
            0,
            1
        ],
        [
            1,
            1
        ],
        [
            1,
            1
        ],
        [
            1,
            1
        ],
        [
            1,
            1
        ],
        [
            1,
            1
        ],
        [
            1,
            1
        ],
        [
            1,
            1
        ],
        [
            1,
            1
        ],
        [
            1,
            1
        ],
        [
            1,
            1
        ],
        [
            1,
            1
        ],
        [
            1,
            1
        ],
        [
            1,
            1
        ],
        [
            1,
            1
        ],
        [
            1,
            1
        ],
        [
            1,
            1
        ],
        [
            1,
            1
        ],
        [
            1,
            1
        ]
    ]
}