{
    "env_id": 183,
    "times": [
        0.13879108428955078,
        0.27484726905822754,
        0.41392946243286133,
        0.5487236976623535,
        0.6829771995544434,
        0.819183349609375,
        0.9536302089691162,
        1.089125633239746,
        1.089125633239746,
        1.089125633239746,
        1.089125633239746,
        1.089125633239746,
        1.089125633239746,
        1.089125633239746,
        1.089125633239746,
        1.089125633239746,
        1.089125633239746,
        1.089125633239746,
        1.089125633239746
    ],
    "wcd_changes": [
        4,
        4,
        4,
        4,
        4,
        4,
        5,
        5,
        5,
        5,
        5,
        5,
        5,
        5,
        5,
        5,
        5,
        5,
        5
    ],
    "budgets": [
        [
            1,
            0
        ],
        [
            2,
            0
        ],
        [
            3,
            0
        ],
        [
            4,
            0
        ],
        [
            5,
            0
        ],
        [
            6,
            0
        ],
        [
            7,
            0
        ],
        [
            8,
            0
        ],
        [
            8,
            0
        ],
        [
            8,
            0
        ],
        [
            8,
            0
        ],
        [
            8,
            0
        ],
        [
            8,
            0
        ],
        [
            8,
            0
        ],
        [
            8,
            0
        ],
        [
            8,
            0
        ],
        [
            8,
            0
        ],
        [
            8,
            0
        ],
        [
            8,
            0
        ]
    ],
    "max_budgets": [
        19
    ],
    "num_changes": [
        [
            1,
            0
        ],
        [
            2,
            0
        ],
        [
            3,
            0
        ],
        [
            4,
            0
        ],
        [
            5,
            0
        ],
        [
            6,
            0
        ],
        [
            7,
            0
        ],
        [
            8,
            0
        ],
        [
            8,
            0
        ],
        [
            8,
            0
        ],
        [
            8,
            0
        ],
        [
            8,
            0
        ],
        [
            8,
            0
        ],
        [
            8,
            0
        ],
        [
            8,
            0
        ],
        [
            8,
            0
        ],
        [
            8,
            0
        ],
        [
            8,
            0
        ],
        [
            8,
            0
        ]
    ]
}