{
    "env_id": 596,
    "times": [
        0.25684094429016113,
        0.5289571285247803,
        0.7599165439605713,
        0.7599165439605713,
        0.7599165439605713,
        0.7599165439605713,
        0.7599165439605713,
        0.7599165439605713,
        0.7599165439605713,
        0.7599165439605713,
        0.7599165439605713,
        0.7599165439605713,
        0.7599165439605713,
        0.7599165439605713,
        0.7599165439605713,
        0.7599165439605713,
        0.7599165439605713,
        0.7599165439605713,
        0.7599165439605713
    ],
    "wcd_changes": [
        6,
        6,
        6,
        6,
        6,
        6,
        6,
        6,
        6,
        6,
        6,
        6,
        6,
        6,
        6,
        6,
        6,
        6,
        6
    ],
    "budgets": [
        [
            1,
            0
        ],
        [
            2,
            0
        ],
        [
            3,
            0
        ],
        [
            3,
            0
        ],
        [
            3,
            0
        ],
        [
            3,
            0
        ],
        [
            3,
            0
        ],
        [
            3,
            0
        ],
        [
            3,
            0
        ],
        [
            3,
            0
        ],
        [
            3,
            0
        ],
        [
            3,
            0
        ],
        [
            3,
            0
        ],
        [
            3,
            0
        ],
        [
            3,
            0
        ],
        [
            3,
            0
        ],
        [
            3,
            0
        ],
        [
            3,
            0
        ],
        [
            3,
            0
        ]
    ],
    "max_budgets": [
        19
    ],
    "num_changes": [
        [
            1,
            0
        ],
        [
            2,
            0
        ],
        [
            3,
            0
        ],
        [
            3,
            0
        ],
        [
            3,
            0
        ],
        [
            3,
            0
        ],
        [
            3,
            0
        ],
        [
            3,
            0
        ],
        [
            3,
            0
        ],
        [
            3,
            0
        ],
        [
            3,
            0
        ],
        [
            3,
            0
        ],
        [
            3,
            0
        ],
        [
            3,
            0
        ],
        [
            3,
            0
        ],
        [
            3,
            0
        ],
        [
            3,
            0
        ],
        [
            3,
            0
        ],
        [
            3,
            0
        ]
    ]
}