{
    "env_id": 1458,
    "times": [
        0.1460568904876709,
        0.2828402519226074,
        0.2828402519226074,
        0.2828402519226074,
        0.2828402519226074,
        0.2828402519226074,
        0.2828402519226074,
        0.2828402519226074,
        0.2828402519226074,
        0.2828402519226074,
        0.2828402519226074,
        0.2828402519226074,
        0.2828402519226074,
        0.2828402519226074,
        0.2828402519226074,
        0.2828402519226074,
        0.2828402519226074,
        0.2828402519226074,
        0.2828402519226074
    ],
    "wcd_changes": [
        -3,
        -3,
        -3,
        -3,
        -3,
        -3,
        -3,
        -3,
        -3,
        -3,
        -3,
        -3,
        -3,
        -3,
        -3,
        -3,
        -3,
        -3,
        -3
    ],
    "budgets": [
        [
            1,
            0
        ],
        [
            2,
            0
        ],
        [
            2,
            0
        ],
        [
            2,
            0
        ],
        [
            2,
            0
        ],
        [
            2,
            0
        ],
        [
            2,
            0
        ],
        [
            2,
            0
        ],
        [
            2,
            0
        ],
        [
            2,
            0
        ],
        [
            2,
            0
        ],
        [
            2,
            0
        ],
        [
            2,
            0
        ],
        [
            2,
            0
        ],
        [
            2,
            0
        ],
        [
            2,
            0
        ],
        [
            2,
            0
        ],
        [
            2,
            0
        ],
        [
            2,
            0
        ]
    ],
    "max_budgets": [
        19
    ],
    "num_changes": [
        [
            1,
            0
        ],
        [
            2,
            0
        ],
        [
            2,
            0
        ],
        [
            2,
            0
        ],
        [
            2,
            0
        ],
        [
            2,
            0
        ],
        [
            2,
            0
        ],
        [
            2,
            0
        ],
        [
            2,
            0
        ],
        [
            2,
            0
        ],
        [
            2,
            0
        ],
        [
            2,
            0
        ],
        [
            2,
            0
        ],
        [
            2,
            0
        ],
        [
            2,
            0
        ],
        [
            2,
            0
        ],
        [
            2,
            0
        ],
        [
            2,
            0
        ],
        [
            2,
            0
        ]
    ]
}