{
    "env_id": 284,
    "times": [
        0.10733318328857422,
        0.3038671016693115,
        0.5003657341003418,
        0.6880388259887695,
        0.8690824508666992,
        1.0489187240600586,
        1.2421963214874268,
        1.2421963214874268,
        1.2421963214874268,
        1.2421963214874268,
        1.2421963214874268,
        1.2421963214874268,
        1.2421963214874268,
        1.2421963214874268,
        1.2421963214874268,
        1.2421963214874268,
        1.2421963214874268,
        1.2421963214874268,
        1.2421963214874268
    ],
    "wcd_changes": [
        1,
        3,
        3,
        3,
        3,
        3,
        3,
        3,
        3,
        3,
        3,
        3,
        3,
        3,
        3,
        3,
        3,
        3,
        3
    ],
    "budgets": [
        [
            1,
            0
        ],
        [
            1,
            1
        ],
        [
            2,
            1
        ],
        [
            3,
            1
        ],
        [
            4,
            1
        ],
        [
            5,
            1
        ],
        [
            6,
            1
        ],
        [
            6,
            1
        ],
        [
            6,
            1
        ],
        [
            6,
            1
        ],
        [
            6,
            1
        ],
        [
            6,
            1
        ],
        [
            6,
            1
        ],
        [
            6,
            1
        ],
        [
            6,
            1
        ],
        [
            6,
            1
        ],
        [
            6,
            1
        ],
        [
            6,
            1
        ],
        [
            6,
            1
        ]
    ],
    "max_budgets": [
        19
    ],
    "num_changes": [
        [
            1,
            0
        ],
        [
            1,
            1
        ],
        [
            2,
            1
        ],
        [
            3,
            1
        ],
        [
            4,
            1
        ],
        [
            5,
            1
        ],
        [
            6,
            1
        ],
        [
            6,
            1
        ],
        [
            6,
            1
        ],
        [
            6,
            1
        ],
        [
            6,
            1
        ],
        [
            6,
            1
        ],
        [
            6,
            1
        ],
        [
            6,
            1
        ],
        [
            6,
            1
        ],
        [
            6,
            1
        ],
        [
            6,
            1
        ],
        [
            6,
            1
        ],
        [
            6,
            1
        ]
    ]
}