{
    "env_id": 329,
    "times": [
        0.19274497032165527,
        0.38373732566833496,
        0.5438661575317383,
        0.703075647354126,
        0.703075647354126,
        0.703075647354126,
        0.703075647354126,
        0.703075647354126,
        0.703075647354126,
        0.703075647354126,
        0.703075647354126,
        0.703075647354126,
        0.703075647354126,
        0.703075647354126,
        0.703075647354126,
        0.703075647354126,
        0.703075647354126,
        0.703075647354126,
        0.703075647354126
    ],
    "wcd_changes": [
        0,
        -2,
        -2,
        5,
        5,
        5,
        5,
        5,
        5,
        5,
        5,
        5,
        5,
        5,
        5,
        5,
        5,
        5,
        5
    ],
    "budgets": [
        [
            1,
            0
        ],
        [
            2,
            0
        ],
        [
            3,
            0
        ],
        [
            3,
            1
        ],
        [
            3,
            1
        ],
        [
            3,
            1
        ],
        [
            3,
            1
        ],
        [
            3,
            1
        ],
        [
            3,
            1
        ],
        [
            3,
            1
        ],
        [
            3,
            1
        ],
        [
            3,
            1
        ],
        [
            3,
            1
        ],
        [
            3,
            1
        ],
        [
            3,
            1
        ],
        [
            3,
            1
        ],
        [
            3,
            1
        ],
        [
            3,
            1
        ],
        [
            3,
            1
        ]
    ],
    "max_budgets": [
        19
    ],
    "num_changes": [
        [
            1,
            0
        ],
        [
            2,
            0
        ],
        [
            3,
            0
        ],
        [
            3,
            1
        ],
        [
            3,
            1
        ],
        [
            3,
            1
        ],
        [
            3,
            1
        ],
        [
            3,
            1
        ],
        [
            3,
            1
        ],
        [
            3,
            1
        ],
        [
            3,
            1
        ],
        [
            3,
            1
        ],
        [
            3,
            1
        ],
        [
            3,
            1
        ],
        [
            3,
            1
        ],
        [
            3,
            1
        ],
        [
            3,
            1
        ],
        [
            3,
            1
        ],
        [
            3,
            1
        ]
    ]
}