{
    "env_id": 610,
    "times": [
        0.2840120792388916,
        0.4820740222930908,
        0.6755783557891846,
        0.9076371192932129,
        1.1220829486846924,
        1.3274965286254883,
        1.5648860931396484,
        1.7955965995788574,
        2.02541446685791,
        2.02541446685791,
        2.02541446685791,
        2.02541446685791,
        2.02541446685791,
        2.02541446685791,
        2.02541446685791,
        2.02541446685791,
        2.02541446685791,
        2.02541446685791,
        2.02541446685791
    ],
    "wcd_changes": [
        0,
        1,
        1,
        1,
        1,
        1,
        1,
        1,
        1,
        1,
        1,
        1,
        1,
        1,
        1,
        1,
        1,
        1,
        1
    ],
    "budgets": [
        [
            1,
            0
        ],
        [
            2,
            0
        ],
        [
            3,
            0
        ],
        [
            4,
            0
        ],
        [
            5,
            0
        ],
        [
            6,
            0
        ],
        [
            6,
            1
        ],
        [
            7,
            1
        ],
        [
            7,
            1
        ],
        [
            7,
            1
        ],
        [
            7,
            1
        ],
        [
            7,
            1
        ],
        [
            7,
            1
        ],
        [
            7,
            1
        ],
        [
            7,
            1
        ],
        [
            7,
            1
        ],
        [
            7,
            1
        ],
        [
            7,
            1
        ],
        [
            7,
            1
        ]
    ],
    "max_budgets": [
        19
    ],
    "num_changes": [
        [
            1,
            0
        ],
        [
            2,
            0
        ],
        [
            3,
            0
        ],
        [
            4,
            0
        ],
        [
            5,
            0
        ],
        [
            6,
            0
        ],
        [
            6,
            1
        ],
        [
            7,
            1
        ],
        [
            7,
            1
        ],
        [
            7,
            1
        ],
        [
            7,
            1
        ],
        [
            7,
            1
        ],
        [
            7,
            1
        ],
        [
            7,
            1
        ],
        [
            7,
            1
        ],
        [
            7,
            1
        ],
        [
            7,
            1
        ],
        [
            7,
            1
        ],
        [
            7,
            1
        ]
    ]
}