{
    "env_id": 301,
    "times": [
        0.19396615028381348,
        0.38053035736083984,
        0.38053035736083984,
        0.38053035736083984,
        0.38053035736083984,
        0.38053035736083984,
        0.38053035736083984,
        0.38053035736083984,
        0.38053035736083984,
        0.38053035736083984,
        0.38053035736083984,
        0.38053035736083984,
        0.38053035736083984,
        0.38053035736083984,
        0.38053035736083984,
        0.38053035736083984,
        0.38053035736083984,
        0.38053035736083984,
        0.38053035736083984
    ],
    "wcd_changes": [
        3,
        3,
        3,
        3,
        3,
        3,
        3,
        3,
        3,
        3,
        3,
        3,
        3,
        3,
        3,
        3,
        3,
        3,
        3
    ],
    "budgets": [
        [
            1,
            0
        ],
        [
            0,
            0
        ],
        [
            0,
            0
        ],
        [
            0,
            0
        ],
        [
            0,
            0
        ],
        [
            0,
            0
        ],
        [
            0,
            0
        ],
        [
            0,
            0
        ],
        [
            0,
            0
        ],
        [
            0,
            0
        ],
        [
            0,
            0
        ],
        [
            0,
            0
        ],
        [
            0,
            0
        ],
        [
            0,
            0
        ],
        [
            0,
            0
        ],
        [
            0,
            0
        ],
        [
            0,
            0
        ],
        [
            0,
            0
        ],
        [
            0,
            0
        ]
    ],
    "max_budgets": [
        19
    ],
    "num_changes": [
        [
            1,
            0
        ],
        [
            0,
            0
        ],
        [
            0,
            0
        ],
        [
            0,
            0
        ],
        [
            0,
            0
        ],
        [
            0,
            0
        ],
        [
            0,
            0
        ],
        [
            0,
            0
        ],
        [
            0,
            0
        ],
        [
            0,
            0
        ],
        [
            0,
            0
        ],
        [
            0,
            0
        ],
        [
            0,
            0
        ],
        [
            0,
            0
        ],
        [
            0,
            0
        ],
        [
            0,
            0
        ],
        [
            0,
            0
        ],
        [
            0,
            0
        ],
        [
            0,
            0
        ]
    ]
}