{
    "env_id": 1919,
    "times": [
        0.1515061855316162,
        0.3034992218017578,
        0.4795856475830078,
        0.4795856475830078,
        0.4795856475830078,
        0.4795856475830078,
        0.4795856475830078,
        0.4795856475830078,
        0.4795856475830078,
        0.4795856475830078,
        0.4795856475830078,
        0.4795856475830078,
        0.4795856475830078,
        0.4795856475830078,
        0.4795856475830078,
        0.4795856475830078,
        0.4795856475830078,
        0.4795856475830078,
        0.4795856475830078
    ],
    "wcd_changes": [
        4,
        2,
        6,
        6,
        6,
        6,
        6,
        6,
        6,
        6,
        6,
        6,
        6,
        6,
        6,
        6,
        6,
        6,
        6
    ],
    "budgets": [
        [
            0,
            1
        ],
        [
            0,
            2
        ],
        [
            0,
            3
        ],
        [
            0,
            3
        ],
        [
            0,
            3
        ],
        [
            0,
            3
        ],
        [
            0,
            3
        ],
        [
            0,
            3
        ],
        [
            0,
            3
        ],
        [
            0,
            3
        ],
        [
            0,
            3
        ],
        [
            0,
            3
        ],
        [
            0,
            3
        ],
        [
            0,
            3
        ],
        [
            0,
            3
        ],
        [
            0,
            3
        ],
        [
            0,
            3
        ],
        [
            0,
            3
        ],
        [
            0,
            3
        ]
    ],
    "max_budgets": [
        19
    ],
    "num_changes": [
        [
            0,
            1
        ],
        [
            0,
            2
        ],
        [
            0,
            3
        ],
        [
            0,
            3
        ],
        [
            0,
            3
        ],
        [
            0,
            3
        ],
        [
            0,
            3
        ],
        [
            0,
            3
        ],
        [
            0,
            3
        ],
        [
            0,
            3
        ],
        [
            0,
            3
        ],
        [
            0,
            3
        ],
        [
            0,
            3
        ],
        [
            0,
            3
        ],
        [
            0,
            3
        ],
        [
            0,
            3
        ],
        [
            0,
            3
        ],
        [
            0,
            3
        ],
        [
            0,
            3
        ]
    ]
}