{
    "env_id": 2034,
    "times": [
        0.0967109203338623,
        0.20353913307189941,
        0.3018922805786133,
        0.40828633308410645,
        0.40828633308410645,
        0.40828633308410645,
        0.40828633308410645,
        0.40828633308410645,
        0.40828633308410645,
        0.40828633308410645,
        0.40828633308410645,
        0.40828633308410645,
        0.40828633308410645,
        0.40828633308410645,
        0.40828633308410645,
        0.40828633308410645,
        0.40828633308410645,
        0.40828633308410645,
        0.40828633308410645
    ],
    "wcd_changes": [
        1,
        4,
        5,
        4,
        4,
        4,
        4,
        4,
        4,
        4,
        4,
        4,
        4,
        4,
        4,
        4,
        4,
        4,
        4
    ],
    "budgets": [
        [
            0,
            1
        ],
        [
            1,
            1
        ],
        [
            1,
            2
        ],
        [
            1,
            3
        ],
        [
            1,
            3
        ],
        [
            1,
            3
        ],
        [
            1,
            3
        ],
        [
            1,
            3
        ],
        [
            1,
            3
        ],
        [
            1,
            3
        ],
        [
            1,
            3
        ],
        [
            1,
            3
        ],
        [
            1,
            3
        ],
        [
            1,
            3
        ],
        [
            1,
            3
        ],
        [
            1,
            3
        ],
        [
            1,
            3
        ],
        [
            1,
            3
        ],
        [
            1,
            3
        ]
    ],
    "max_budgets": [
        19
    ],
    "num_changes": [
        [
            0,
            1
        ],
        [
            1,
            1
        ],
        [
            1,
            2
        ],
        [
            1,
            3
        ],
        [
            1,
            3
        ],
        [
            1,
            3
        ],
        [
            1,
            3
        ],
        [
            1,
            3
        ],
        [
            1,
            3
        ],
        [
            1,
            3
        ],
        [
            1,
            3
        ],
        [
            1,
            3
        ],
        [
            1,
            3
        ],
        [
            1,
            3
        ],
        [
            1,
            3
        ],
        [
            1,
            3
        ],
        [
            1,
            3
        ],
        [
            1,
            3
        ],
        [
            1,
            3
        ]
    ]
}