{
    "env_id": 56,
    "times": [
        0.17487454414367676,
        0.36569714546203613,
        0.5566699504852295,
        0.7502787113189697,
        0.9414553642272949,
        0.9414553642272949,
        0.9414553642272949,
        0.9414553642272949,
        0.9414553642272949,
        0.9414553642272949,
        0.9414553642272949,
        0.9414553642272949,
        0.9414553642272949,
        0.9414553642272949,
        0.9414553642272949,
        0.9414553642272949,
        0.9414553642272949,
        0.9414553642272949,
        0.9414553642272949
    ],
    "wcd_changes": [
        2,
        1,
        1,
        1,
        1,
        1,
        1,
        1,
        1,
        1,
        1,
        1,
        1,
        1,
        1,
        1,
        1,
        1,
        1
    ],
    "budgets": [
        [
            0,
            1
        ],
        [
            1,
            1
        ],
        [
            1,
            2
        ],
        [
            2,
            2
        ],
        [
            2,
            3
        ],
        [
            2,
            3
        ],
        [
            2,
            3
        ],
        [
            2,
            3
        ],
        [
            2,
            3
        ],
        [
            2,
            3
        ],
        [
            2,
            3
        ],
        [
            2,
            3
        ],
        [
            2,
            3
        ],
        [
            2,
            3
        ],
        [
            2,
            3
        ],
        [
            2,
            3
        ],
        [
            2,
            3
        ],
        [
            2,
            3
        ],
        [
            2,
            3
        ]
    ],
    "max_budgets": [
        19
    ],
    "num_changes": [
        [
            0,
            1
        ],
        [
            1,
            1
        ],
        [
            1,
            2
        ],
        [
            2,
            2
        ],
        [
            2,
            3
        ],
        [
            2,
            3
        ],
        [
            2,
            3
        ],
        [
            2,
            3
        ],
        [
            2,
            3
        ],
        [
            2,
            3
        ],
        [
            2,
            3
        ],
        [
            2,
            3
        ],
        [
            2,
            3
        ],
        [
            2,
            3
        ],
        [
            2,
            3
        ],
        [
            2,
            3
        ],
        [
            2,
            3
        ],
        [
            2,
            3
        ],
        [
            2,
            3
        ]
    ]
}