{
    "env_id": 726,
    "times": [
        0.13287138938903809,
        0.26502084732055664,
        0.39579129219055176,
        0.5126934051513672,
        0.6101765632629395,
        0.7181863784790039,
        0.8206336498260498,
        0.9374692440032959,
        1.0897283554077148,
        1.1867387294769287,
        1.282271146774292,
        1.3893678188323975,
        1.3893678188323975,
        1.3893678188323975,
        1.3893678188323975,
        1.3893678188323975,
        1.3893678188323975,
        1.3893678188323975,
        1.3893678188323975
    ],
    "wcd_changes": [
        0,
        0,
        0,
        0,
        0,
        0,
        0,
        1,
        1,
        2,
        2,
        2,
        2,
        2,
        2,
        2,
        2,
        2,
        2
    ],
    "budgets": [
        [
            0,
            1
        ],
        [
            1,
            1
        ],
        [
            2,
            1
        ],
        [
            3,
            1
        ],
        [
            4,
            1
        ],
        [
            5,
            1
        ],
        [
            5,
            2
        ],
        [
            6,
            2
        ],
        [
            7,
            2
        ],
        [
            6,
            2
        ],
        [
            5,
            2
        ],
        [
            5,
            3
        ],
        [
            5,
            3
        ],
        [
            5,
            3
        ],
        [
            5,
            3
        ],
        [
            5,
            3
        ],
        [
            5,
            3
        ],
        [
            5,
            3
        ],
        [
            5,
            3
        ]
    ],
    "max_budgets": [
        19
    ],
    "num_changes": [
        [
            0,
            1
        ],
        [
            1,
            1
        ],
        [
            2,
            1
        ],
        [
            3,
            1
        ],
        [
            4,
            1
        ],
        [
            5,
            1
        ],
        [
            5,
            2
        ],
        [
            6,
            2
        ],
        [
            7,
            2
        ],
        [
            6,
            2
        ],
        [
            5,
            2
        ],
        [
            5,
            3
        ],
        [
            5,
            3
        ],
        [
            5,
            3
        ],
        [
            5,
            3
        ],
        [
            5,
            3
        ],
        [
            5,
            3
        ],
        [
            5,
            3
        ],
        [
            5,
            3
        ]
    ]
}