{
    "env_id": 1400,
    "times": [
        0.2954561710357666,
        0.6207630634307861,
        0.8244388103485107,
        1.0411245822906494,
        1.3303086757659912,
        1.5416162014007568,
        1.8113281726837158,
        2.142484188079834,
        2.3581597805023193,
        2.3581597805023193,
        2.3581597805023193,
        2.3581597805023193,
        2.3581597805023193,
        2.3581597805023193,
        2.3581597805023193,
        2.3581597805023193,
        2.3581597805023193,
        2.3581597805023193,
        2.3581597805023193
    ],
    "wcd_changes": [
        0,
        0,
        0,
        0,
        0,
        0,
        0,
        0,
        0,
        0,
        0,
        0,
        0,
        0,
        0,
        0,
        0,
        0,
        0
    ],
    "budgets": [
        [
            1,
            0
        ],
        [
            2,
            0
        ],
        [
            3,
            0
        ],
        [
            4,
            0
        ],
        [
            5,
            0
        ],
        [
            6,
            0
        ],
        [
            7,
            0
        ],
        [
            8,
            0
        ],
        [
            8,
            0
        ],
        [
            8,
            0
        ],
        [
            8,
            0
        ],
        [
            8,
            0
        ],
        [
            8,
            0
        ],
        [
            8,
            0
        ],
        [
            8,
            0
        ],
        [
            8,
            0
        ],
        [
            8,
            0
        ],
        [
            8,
            0
        ],
        [
            8,
            0
        ]
    ],
    "max_budgets": [
        19
    ],
    "num_changes": [
        [
            1,
            0
        ],
        [
            2,
            0
        ],
        [
            3,
            0
        ],
        [
            4,
            0
        ],
        [
            5,
            0
        ],
        [
            6,
            0
        ],
        [
            7,
            0
        ],
        [
            8,
            0
        ],
        [
            8,
            0
        ],
        [
            8,
            0
        ],
        [
            8,
            0
        ],
        [
            8,
            0
        ],
        [
            8,
            0
        ],
        [
            8,
            0
        ],
        [
            8,
            0
        ],
        [
            8,
            0
        ],
        [
            8,
            0
        ],
        [
            8,
            0
        ],
        [
            8,
            0
        ]
    ]
}