{
    "env_id": 1333,
    "times": [
        0.3403465747833252,
        0.6884469985961914,
        0.962881326675415,
        1.2645676136016846,
        1.5845961570739746,
        1.9242274761199951,
        2.2333860397338867,
        2.5312387943267822,
        2.8144757747650146,
        3.1087005138397217,
        3.4602553844451904,
        3.8184444904327393,
        3.8184444904327393,
        3.8184444904327393,
        3.8184444904327393,
        3.8184444904327393,
        3.8184444904327393,
        3.8184444904327393,
        3.8184444904327393
    ],
    "wcd_changes": [
        5,
        5,
        5,
        5,
        5,
        5,
        5,
        5,
        5,
        5,
        5,
        5,
        5,
        5,
        5,
        5,
        5,
        5,
        5
    ],
    "budgets": [
        [
            0,
            1
        ],
        [
            1,
            1
        ],
        [
            1,
            2
        ],
        [
            2,
            2
        ],
        [
            3,
            2
        ],
        [
            4,
            2
        ],
        [
            5,
            2
        ],
        [
            4,
            2
        ],
        [
            5,
            2
        ],
        [
            4,
            2
        ],
        [
            4,
            3
        ],
        [
            5,
            3
        ],
        [
            5,
            3
        ],
        [
            5,
            3
        ],
        [
            5,
            3
        ],
        [
            5,
            3
        ],
        [
            5,
            3
        ],
        [
            5,
            3
        ],
        [
            5,
            3
        ]
    ],
    "max_budgets": [
        19
    ],
    "num_changes": [
        [
            0,
            1
        ],
        [
            1,
            1
        ],
        [
            1,
            2
        ],
        [
            2,
            2
        ],
        [
            3,
            2
        ],
        [
            4,
            2
        ],
        [
            5,
            2
        ],
        [
            4,
            2
        ],
        [
            5,
            2
        ],
        [
            4,
            2
        ],
        [
            4,
            3
        ],
        [
            5,
            3
        ],
        [
            5,
            3
        ],
        [
            5,
            3
        ],
        [
            5,
            3
        ],
        [
            5,
            3
        ],
        [
            5,
            3
        ],
        [
            5,
            3
        ],
        [
            5,
            3
        ]
    ]
}