{
    "env_id": 981,
    "times": [
        0.2312462329864502,
        0.3736147880554199,
        0.590346097946167,
        0.590346097946167,
        0.590346097946167,
        0.590346097946167,
        0.590346097946167,
        0.590346097946167,
        0.590346097946167,
        0.590346097946167,
        0.590346097946167,
        0.590346097946167,
        0.590346097946167,
        0.590346097946167,
        0.590346097946167,
        0.590346097946167,
        0.590346097946167,
        0.590346097946167,
        0.590346097946167
    ],
    "wcd_changes": [
        0,
        2,
        2,
        2,
        2,
        2,
        2,
        2,
        2,
        2,
        2,
        2,
        2,
        2,
        2,
        2,
        2,
        2,
        2
    ],
    "budgets": [
        [
            1,
            0
        ],
        [
            2,
            0
        ],
        [
            3,
            0
        ],
        [
            3,
            0
        ],
        [
            3,
            0
        ],
        [
            3,
            0
        ],
        [
            3,
            0
        ],
        [
            3,
            0
        ],
        [
            3,
            0
        ],
        [
            3,
            0
        ],
        [
            3,
            0
        ],
        [
            3,
            0
        ],
        [
            3,
            0
        ],
        [
            3,
            0
        ],
        [
            3,
            0
        ],
        [
            3,
            0
        ],
        [
            3,
            0
        ],
        [
            3,
            0
        ],
        [
            3,
            0
        ]
    ],
    "max_budgets": [
        19
    ],
    "num_changes": [
        [
            1,
            0
        ],
        [
            2,
            0
        ],
        [
            3,
            0
        ],
        [
            3,
            0
        ],
        [
            3,
            0
        ],
        [
            3,
            0
        ],
        [
            3,
            0
        ],
        [
            3,
            0
        ],
        [
            3,
            0
        ],
        [
            3,
            0
        ],
        [
            3,
            0
        ],
        [
            3,
            0
        ],
        [
            3,
            0
        ],
        [
            3,
            0
        ],
        [
            3,
            0
        ],
        [
            3,
            0
        ],
        [
            3,
            0
        ],
        [
            3,
            0
        ],
        [
            3,
            0
        ]
    ]
}