{
    "env_id": 245,
    "times": [
        0.2041029930114746,
        0.4068019390106201,
        0.6094436645507812,
        0.6094436645507812,
        0.6094436645507812,
        0.6094436645507812,
        0.6094436645507812,
        0.6094436645507812,
        0.6094436645507812,
        0.6094436645507812,
        0.6094436645507812,
        0.6094436645507812,
        0.6094436645507812,
        0.6094436645507812,
        0.6094436645507812,
        0.6094436645507812,
        0.6094436645507812,
        0.6094436645507812,
        0.6094436645507812
    ],
    "wcd_changes": [
        3,
        4,
        4,
        4,
        4,
        4,
        4,
        4,
        4,
        4,
        4,
        4,
        4,
        4,
        4,
        4,
        4,
        4,
        4
    ],
    "budgets": [
        [
            1,
            0
        ],
        [
            2,
            0
        ],
        [
            3,
            0
        ],
        [
            3,
            0
        ],
        [
            3,
            0
        ],
        [
            3,
            0
        ],
        [
            3,
            0
        ],
        [
            3,
            0
        ],
        [
            3,
            0
        ],
        [
            3,
            0
        ],
        [
            3,
            0
        ],
        [
            3,
            0
        ],
        [
            3,
            0
        ],
        [
            3,
            0
        ],
        [
            3,
            0
        ],
        [
            3,
            0
        ],
        [
            3,
            0
        ],
        [
            3,
            0
        ],
        [
            3,
            0
        ]
    ],
    "max_budgets": [
        19
    ],
    "num_changes": [
        [
            1,
            0
        ],
        [
            2,
            0
        ],
        [
            3,
            0
        ],
        [
            3,
            0
        ],
        [
            3,
            0
        ],
        [
            3,
            0
        ],
        [
            3,
            0
        ],
        [
            3,
            0
        ],
        [
            3,
            0
        ],
        [
            3,
            0
        ],
        [
            3,
            0
        ],
        [
            3,
            0
        ],
        [
            3,
            0
        ],
        [
            3,
            0
        ],
        [
            3,
            0
        ],
        [
            3,
            0
        ],
        [
            3,
            0
        ],
        [
            3,
            0
        ],
        [
            3,
            0
        ]
    ]
}