{
    "env_id": 1459,
    "times": [
        0.253201961517334,
        0.5539493560791016,
        0.8326809406280518,
        0.8326809406280518,
        0.8326809406280518,
        0.8326809406280518,
        0.8326809406280518,
        0.8326809406280518,
        0.8326809406280518,
        0.8326809406280518,
        0.8326809406280518,
        0.8326809406280518,
        0.8326809406280518,
        0.8326809406280518,
        0.8326809406280518,
        0.8326809406280518,
        0.8326809406280518,
        0.8326809406280518,
        0.8326809406280518
    ],
    "wcd_changes": [
        7,
        7,
        7,
        7,
        7,
        7,
        7,
        7,
        7,
        7,
        7,
        7,
        7,
        7,
        7,
        7,
        7,
        7,
        7
    ],
    "budgets": [
        [
            0,
            1
        ],
        [
            0,
            2
        ],
        [
            0,
            3
        ],
        [
            0,
            3
        ],
        [
            0,
            3
        ],
        [
            0,
            3
        ],
        [
            0,
            3
        ],
        [
            0,
            3
        ],
        [
            0,
            3
        ],
        [
            0,
            3
        ],
        [
            0,
            3
        ],
        [
            0,
            3
        ],
        [
            0,
            3
        ],
        [
            0,
            3
        ],
        [
            0,
            3
        ],
        [
            0,
            3
        ],
        [
            0,
            3
        ],
        [
            0,
            3
        ],
        [
            0,
            3
        ]
    ],
    "max_budgets": [
        19
    ],
    "num_changes": [
        [
            0,
            1
        ],
        [
            0,
            2
        ],
        [
            0,
            3
        ],
        [
            0,
            3
        ],
        [
            0,
            3
        ],
        [
            0,
            3
        ],
        [
            0,
            3
        ],
        [
            0,
            3
        ],
        [
            0,
            3
        ],
        [
            0,
            3
        ],
        [
            0,
            3
        ],
        [
            0,
            3
        ],
        [
            0,
            3
        ],
        [
            0,
            3
        ],
        [
            0,
            3
        ],
        [
            0,
            3
        ],
        [
            0,
            3
        ],
        [
            0,
            3
        ],
        [
            0,
            3
        ]
    ]
}