{
    "env_id": 1203,
    "times": [
        0.12018394470214844,
        0.2519655227661133,
        0.3816807270050049,
        0.4995570182800293,
        0.4995570182800293,
        0.4995570182800293,
        0.4995570182800293,
        0.4995570182800293,
        0.4995570182800293,
        0.4995570182800293,
        0.4995570182800293,
        0.4995570182800293,
        0.4995570182800293,
        0.4995570182800293,
        0.4995570182800293,
        0.4995570182800293,
        0.4995570182800293,
        0.4995570182800293,
        0.4995570182800293
    ],
    "wcd_changes": [
        1,
        2,
        2,
        -4,
        -4,
        -4,
        -4,
        -4,
        -4,
        -4,
        -4,
        -4,
        -4,
        -4,
        -4,
        -4,
        -4,
        -4,
        -4
    ],
    "budgets": [
        [
            1,
            0
        ],
        [
            2,
            0
        ],
        [
            3,
            0
        ],
        [
            4,
            0
        ],
        [
            4,
            0
        ],
        [
            4,
            0
        ],
        [
            4,
            0
        ],
        [
            4,
            0
        ],
        [
            4,
            0
        ],
        [
            4,
            0
        ],
        [
            4,
            0
        ],
        [
            4,
            0
        ],
        [
            4,
            0
        ],
        [
            4,
            0
        ],
        [
            4,
            0
        ],
        [
            4,
            0
        ],
        [
            4,
            0
        ],
        [
            4,
            0
        ],
        [
            4,
            0
        ]
    ],
    "max_budgets": [
        19
    ],
    "num_changes": [
        [
            1,
            0
        ],
        [
            2,
            0
        ],
        [
            3,
            0
        ],
        [
            4,
            0
        ],
        [
            4,
            0
        ],
        [
            4,
            0
        ],
        [
            4,
            0
        ],
        [
            4,
            0
        ],
        [
            4,
            0
        ],
        [
            4,
            0
        ],
        [
            4,
            0
        ],
        [
            4,
            0
        ],
        [
            4,
            0
        ],
        [
            4,
            0
        ],
        [
            4,
            0
        ],
        [
            4,
            0
        ],
        [
            4,
            0
        ],
        [
            4,
            0
        ],
        [
            4,
            0
        ]
    ]
}