{
    "env_id": 1385,
    "times": [
        0.3964579105377197,
        0.7443704605102539,
        1.110508680343628,
        1.5658364295959473,
        1.9338088035583496,
        1.9338088035583496,
        1.9338088035583496,
        1.9338088035583496,
        1.9338088035583496,
        1.9338088035583496,
        1.9338088035583496,
        1.9338088035583496,
        1.9338088035583496,
        1.9338088035583496,
        1.9338088035583496,
        1.9338088035583496,
        1.9338088035583496,
        1.9338088035583496,
        1.9338088035583496
    ],
    "wcd_changes": [
        1,
        1,
        1,
        2,
        2,
        2,
        2,
        2,
        2,
        2,
        2,
        2,
        2,
        2,
        2,
        2,
        2,
        2,
        2
    ],
    "budgets": [
        [
            0,
            1
        ],
        [
            1,
            1
        ],
        [
            1,
            2
        ],
        [
            2,
            2
        ],
        [
            3,
            2
        ],
        [
            3,
            2
        ],
        [
            3,
            2
        ],
        [
            3,
            2
        ],
        [
            3,
            2
        ],
        [
            3,
            2
        ],
        [
            3,
            2
        ],
        [
            3,
            2
        ],
        [
            3,
            2
        ],
        [
            3,
            2
        ],
        [
            3,
            2
        ],
        [
            3,
            2
        ],
        [
            3,
            2
        ],
        [
            3,
            2
        ],
        [
            3,
            2
        ]
    ],
    "max_budgets": [
        19
    ],
    "num_changes": [
        [
            0,
            1
        ],
        [
            1,
            1
        ],
        [
            1,
            2
        ],
        [
            2,
            2
        ],
        [
            3,
            2
        ],
        [
            3,
            2
        ],
        [
            3,
            2
        ],
        [
            3,
            2
        ],
        [
            3,
            2
        ],
        [
            3,
            2
        ],
        [
            3,
            2
        ],
        [
            3,
            2
        ],
        [
            3,
            2
        ],
        [
            3,
            2
        ],
        [
            3,
            2
        ],
        [
            3,
            2
        ],
        [
            3,
            2
        ],
        [
            3,
            2
        ],
        [
            3,
            2
        ]
    ]
}