{
    "env_id": 479,
    "times": [
        0.19793343544006348,
        0.3642618656158447,
        0.5244266986846924,
        0.6846647262573242,
        0.8384933471679688,
        0.9900250434875488,
        1.1688392162322998,
        1.3911480903625488,
        1.583528757095337,
        1.7527425289154053,
        1.7527425289154053,
        1.7527425289154053,
        1.7527425289154053,
        1.7527425289154053,
        1.7527425289154053,
        1.7527425289154053,
        1.7527425289154053,
        1.7527425289154053,
        1.7527425289154053
    ],
    "wcd_changes": [
        2,
        2,
        2,
        2,
        2,
        2,
        2,
        2,
        2,
        2,
        2,
        2,
        2,
        2,
        2,
        2,
        2,
        2,
        2
    ],
    "budgets": [
        [
            1,
            0
        ],
        [
            2,
            0
        ],
        [
            3,
            0
        ],
        [
            4,
            0
        ],
        [
            5,
            0
        ],
        [
            5,
            1
        ],
        [
            6,
            1
        ],
        [
            6,
            2
        ],
        [
            6,
            3
        ],
        [
            6,
            3
        ],
        [
            6,
            3
        ],
        [
            6,
            3
        ],
        [
            6,
            3
        ],
        [
            6,
            3
        ],
        [
            6,
            3
        ],
        [
            6,
            3
        ],
        [
            6,
            3
        ],
        [
            6,
            3
        ],
        [
            6,
            3
        ]
    ],
    "max_budgets": [
        19
    ],
    "num_changes": [
        [
            1,
            0
        ],
        [
            2,
            0
        ],
        [
            3,
            0
        ],
        [
            4,
            0
        ],
        [
            5,
            0
        ],
        [
            5,
            1
        ],
        [
            6,
            1
        ],
        [
            6,
            2
        ],
        [
            6,
            3
        ],
        [
            6,
            3
        ],
        [
            6,
            3
        ],
        [
            6,
            3
        ],
        [
            6,
            3
        ],
        [
            6,
            3
        ],
        [
            6,
            3
        ],
        [
            6,
            3
        ],
        [
            6,
            3
        ],
        [
            6,
            3
        ],
        [
            6,
            3
        ]
    ]
}