{
    "env_id": 1495,
    "times": [
        0.17699742317199707,
        0.3790428638458252,
        0.6043577194213867,
        0.8235764503479004,
        0.8235764503479004,
        0.8235764503479004,
        0.8235764503479004,
        0.8235764503479004,
        0.8235764503479004,
        0.8235764503479004,
        0.8235764503479004,
        0.8235764503479004,
        0.8235764503479004,
        0.8235764503479004,
        0.8235764503479004,
        0.8235764503479004,
        0.8235764503479004,
        0.8235764503479004,
        0.8235764503479004
    ],
    "wcd_changes": [
        2,
        2,
        2,
        2,
        2,
        2,
        2,
        2,
        2,
        2,
        2,
        2,
        2,
        2,
        2,
        2,
        2,
        2,
        2
    ],
    "budgets": [
        [
            1,
            0
        ],
        [
            2,
            0
        ],
        [
            3,
            0
        ],
        [
            3,
            1
        ],
        [
            3,
            1
        ],
        [
            3,
            1
        ],
        [
            3,
            1
        ],
        [
            3,
            1
        ],
        [
            3,
            1
        ],
        [
            3,
            1
        ],
        [
            3,
            1
        ],
        [
            3,
            1
        ],
        [
            3,
            1
        ],
        [
            3,
            1
        ],
        [
            3,
            1
        ],
        [
            3,
            1
        ],
        [
            3,
            1
        ],
        [
            3,
            1
        ],
        [
            3,
            1
        ]
    ],
    "max_budgets": [
        19
    ],
    "num_changes": [
        [
            1,
            0
        ],
        [
            2,
            0
        ],
        [
            3,
            0
        ],
        [
            3,
            1
        ],
        [
            3,
            1
        ],
        [
            3,
            1
        ],
        [
            3,
            1
        ],
        [
            3,
            1
        ],
        [
            3,
            1
        ],
        [
            3,
            1
        ],
        [
            3,
            1
        ],
        [
            3,
            1
        ],
        [
            3,
            1
        ],
        [
            3,
            1
        ],
        [
            3,
            1
        ],
        [
            3,
            1
        ],
        [
            3,
            1
        ],
        [
            3,
            1
        ],
        [
            3,
            1
        ]
    ]
}