{
    "env_id": 139,
    "times": [
        0.197418212890625,
        0.38812685012817383,
        0.5711987018585205,
        0.7591567039489746,
        0.9152960777282715,
        1.0378024578094482,
        1.0378024578094482,
        1.0378024578094482,
        1.0378024578094482,
        1.0378024578094482,
        1.0378024578094482,
        1.0378024578094482,
        1.0378024578094482,
        1.0378024578094482,
        1.0378024578094482,
        1.0378024578094482,
        1.0378024578094482,
        1.0378024578094482,
        1.0378024578094482
    ],
    "wcd_changes": [
        4,
        5,
        5,
        8,
        3,
        6,
        6,
        6,
        6,
        6,
        6,
        6,
        6,
        6,
        6,
        6,
        6,
        6,
        6
    ],
    "budgets": [
        [
            1,
            0
        ],
        [
            1,
            1
        ],
        [
            1,
            2
        ],
        [
            2,
            2
        ],
        [
            3,
            2
        ],
        [
            4,
            2
        ],
        [
            4,
            2
        ],
        [
            4,
            2
        ],
        [
            4,
            2
        ],
        [
            4,
            2
        ],
        [
            4,
            2
        ],
        [
            4,
            2
        ],
        [
            4,
            2
        ],
        [
            4,
            2
        ],
        [
            4,
            2
        ],
        [
            4,
            2
        ],
        [
            4,
            2
        ],
        [
            4,
            2
        ],
        [
            4,
            2
        ]
    ],
    "max_budgets": [
        19
    ],
    "num_changes": [
        [
            1,
            0
        ],
        [
            1,
            1
        ],
        [
            1,
            2
        ],
        [
            2,
            2
        ],
        [
            3,
            2
        ],
        [
            4,
            2
        ],
        [
            4,
            2
        ],
        [
            4,
            2
        ],
        [
            4,
            2
        ],
        [
            4,
            2
        ],
        [
            4,
            2
        ],
        [
            4,
            2
        ],
        [
            4,
            2
        ],
        [
            4,
            2
        ],
        [
            4,
            2
        ],
        [
            4,
            2
        ],
        [
            4,
            2
        ],
        [
            4,
            2
        ],
        [
            4,
            2
        ]
    ]
}