{
    "env_id": 1256,
    "times": [
        0.3236050605773926,
        0.5978937149047852,
        0.7893271446228027,
        1.007270336151123,
        1.2780253887176514,
        1.624985694885254,
        1.902503490447998,
        2.1165285110473633,
        2.424835443496704,
        2.686535596847534,
        2.911203145980835,
        2.911203145980835,
        2.911203145980835,
        2.911203145980835,
        2.911203145980835,
        2.911203145980835,
        2.911203145980835,
        2.911203145980835,
        2.911203145980835
    ],
    "wcd_changes": [
        0,
        0,
        0,
        0,
        0,
        0,
        0,
        0,
        0,
        0,
        0,
        0,
        0,
        0,
        0,
        0,
        0,
        0,
        0
    ],
    "budgets": [
        [
            1,
            0
        ],
        [
            2,
            0
        ],
        [
            3,
            0
        ],
        [
            4,
            0
        ],
        [
            5,
            0
        ],
        [
            6,
            0
        ],
        [
            7,
            0
        ],
        [
            8,
            0
        ],
        [
            9,
            0
        ],
        [
            10,
            0
        ],
        [
            10,
            0
        ],
        [
            10,
            0
        ],
        [
            10,
            0
        ],
        [
            10,
            0
        ],
        [
            10,
            0
        ],
        [
            10,
            0
        ],
        [
            10,
            0
        ],
        [
            10,
            0
        ],
        [
            10,
            0
        ]
    ],
    "max_budgets": [
        19
    ],
    "num_changes": [
        [
            1,
            0
        ],
        [
            2,
            0
        ],
        [
            3,
            0
        ],
        [
            4,
            0
        ],
        [
            5,
            0
        ],
        [
            6,
            0
        ],
        [
            7,
            0
        ],
        [
            8,
            0
        ],
        [
            9,
            0
        ],
        [
            10,
            0
        ],
        [
            10,
            0
        ],
        [
            10,
            0
        ],
        [
            10,
            0
        ],
        [
            10,
            0
        ],
        [
            10,
            0
        ],
        [
            10,
            0
        ],
        [
            10,
            0
        ],
        [
            10,
            0
        ],
        [
            10,
            0
        ]
    ]
}