{
    "env_id": 1425,
    "times": [
        0.1100010871887207,
        0.22443342208862305,
        0.3328585624694824,
        0.4242367744445801,
        0.4242367744445801,
        0.4242367744445801,
        0.4242367744445801,
        0.4242367744445801,
        0.4242367744445801,
        0.4242367744445801,
        0.4242367744445801,
        0.4242367744445801,
        0.4242367744445801,
        0.4242367744445801,
        0.4242367744445801,
        0.4242367744445801,
        0.4242367744445801,
        0.4242367744445801,
        0.4242367744445801
    ],
    "wcd_changes": [
        2,
        2,
        5,
        6,
        6,
        6,
        6,
        6,
        6,
        6,
        6,
        6,
        6,
        6,
        6,
        6,
        6,
        6,
        6
    ],
    "budgets": [
        [
            1,
            0
        ],
        [
            2,
            0
        ],
        [
            3,
            0
        ],
        [
            3,
            1
        ],
        [
            3,
            1
        ],
        [
            3,
            1
        ],
        [
            3,
            1
        ],
        [
            3,
            1
        ],
        [
            3,
            1
        ],
        [
            3,
            1
        ],
        [
            3,
            1
        ],
        [
            3,
            1
        ],
        [
            3,
            1
        ],
        [
            3,
            1
        ],
        [
            3,
            1
        ],
        [
            3,
            1
        ],
        [
            3,
            1
        ],
        [
            3,
            1
        ],
        [
            3,
            1
        ]
    ],
    "max_budgets": [
        19
    ],
    "num_changes": [
        [
            1,
            0
        ],
        [
            2,
            0
        ],
        [
            3,
            0
        ],
        [
            3,
            1
        ],
        [
            3,
            1
        ],
        [
            3,
            1
        ],
        [
            3,
            1
        ],
        [
            3,
            1
        ],
        [
            3,
            1
        ],
        [
            3,
            1
        ],
        [
            3,
            1
        ],
        [
            3,
            1
        ],
        [
            3,
            1
        ],
        [
            3,
            1
        ],
        [
            3,
            1
        ],
        [
            3,
            1
        ],
        [
            3,
            1
        ],
        [
            3,
            1
        ],
        [
            3,
            1
        ]
    ]
}