{
    "env_id": 1435,
    "times": [
        0.2205660343170166,
        0.4398684501647949,
        0.6579303741455078,
        0.8410253524780273,
        0.8410253524780273,
        0.8410253524780273,
        0.8410253524780273,
        0.8410253524780273,
        0.8410253524780273,
        0.8410253524780273,
        0.8410253524780273,
        0.8410253524780273,
        0.8410253524780273,
        0.8410253524780273,
        0.8410253524780273,
        0.8410253524780273,
        0.8410253524780273,
        0.8410253524780273,
        0.8410253524780273
    ],
    "wcd_changes": [
        0,
        0,
        2,
        3,
        3,
        3,
        3,
        3,
        3,
        3,
        3,
        3,
        3,
        3,
        3,
        3,
        3,
        3,
        3
    ],
    "budgets": [
        [
            1,
            0
        ],
        [
            2,
            0
        ],
        [
            3,
            0
        ],
        [
            4,
            0
        ],
        [
            4,
            0
        ],
        [
            4,
            0
        ],
        [
            4,
            0
        ],
        [
            4,
            0
        ],
        [
            4,
            0
        ],
        [
            4,
            0
        ],
        [
            4,
            0
        ],
        [
            4,
            0
        ],
        [
            4,
            0
        ],
        [
            4,
            0
        ],
        [
            4,
            0
        ],
        [
            4,
            0
        ],
        [
            4,
            0
        ],
        [
            4,
            0
        ],
        [
            4,
            0
        ]
    ],
    "max_budgets": [
        19
    ],
    "num_changes": [
        [
            1,
            0
        ],
        [
            2,
            0
        ],
        [
            3,
            0
        ],
        [
            4,
            0
        ],
        [
            4,
            0
        ],
        [
            4,
            0
        ],
        [
            4,
            0
        ],
        [
            4,
            0
        ],
        [
            4,
            0
        ],
        [
            4,
            0
        ],
        [
            4,
            0
        ],
        [
            4,
            0
        ],
        [
            4,
            0
        ],
        [
            4,
            0
        ],
        [
            4,
            0
        ],
        [
            4,
            0
        ],
        [
            4,
            0
        ],
        [
            4,
            0
        ],
        [
            4,
            0
        ]
    ]
}