{
    "env_id": 2084,
    "times": [
        0.15698695182800293,
        0.30463528633117676,
        0.4526486396789551,
        0.6129391193389893,
        0.8058731555938721,
        0.9663922786712646,
        0.9663922786712646,
        0.9663922786712646,
        0.9663922786712646,
        0.9663922786712646,
        0.9663922786712646,
        0.9663922786712646,
        0.9663922786712646,
        0.9663922786712646,
        0.9663922786712646,
        0.9663922786712646,
        0.9663922786712646,
        0.9663922786712646,
        0.9663922786712646
    ],
    "wcd_changes": [
        1,
        1,
        5,
        5,
        5,
        5,
        5,
        5,
        5,
        5,
        5,
        5,
        5,
        5,
        5,
        5,
        5,
        5,
        5
    ],
    "budgets": [
        [
            1,
            0
        ],
        [
            1,
            1
        ],
        [
            1,
            2
        ],
        [
            1,
            3
        ],
        [
            2,
            3
        ],
        [
            3,
            3
        ],
        [
            3,
            3
        ],
        [
            3,
            3
        ],
        [
            3,
            3
        ],
        [
            3,
            3
        ],
        [
            3,
            3
        ],
        [
            3,
            3
        ],
        [
            3,
            3
        ],
        [
            3,
            3
        ],
        [
            3,
            3
        ],
        [
            3,
            3
        ],
        [
            3,
            3
        ],
        [
            3,
            3
        ],
        [
            3,
            3
        ]
    ],
    "max_budgets": [
        19
    ],
    "num_changes": [
        [
            1,
            0
        ],
        [
            1,
            1
        ],
        [
            1,
            2
        ],
        [
            1,
            3
        ],
        [
            2,
            3
        ],
        [
            3,
            3
        ],
        [
            3,
            3
        ],
        [
            3,
            3
        ],
        [
            3,
            3
        ],
        [
            3,
            3
        ],
        [
            3,
            3
        ],
        [
            3,
            3
        ],
        [
            3,
            3
        ],
        [
            3,
            3
        ],
        [
            3,
            3
        ],
        [
            3,
            3
        ],
        [
            3,
            3
        ],
        [
            3,
            3
        ],
        [
            3,
            3
        ]
    ]
}