{
    "env_id": 1778,
    "times": [
        0.254927396774292,
        0.515941858291626,
        0.7195589542388916,
        0.916205883026123,
        1.146634817123413,
        1.3501989841461182,
        1.5669927597045898,
        1.7727720737457275,
        2.0324337482452393,
        2.2682862281799316,
        2.2682862281799316,
        2.2682862281799316,
        2.2682862281799316,
        2.2682862281799316,
        2.2682862281799316,
        2.2682862281799316,
        2.2682862281799316,
        2.2682862281799316,
        2.2682862281799316
    ],
    "wcd_changes": [
        0,
        5,
        5,
        5,
        5,
        5,
        5,
        4,
        4,
        5,
        5,
        5,
        5,
        5,
        5,
        5,
        5,
        5,
        5
    ],
    "budgets": [
        [
            1,
            0
        ],
        [
            2,
            0
        ],
        [
            3,
            0
        ],
        [
            4,
            0
        ],
        [
            4,
            1
        ],
        [
            5,
            1
        ],
        [
            6,
            1
        ],
        [
            6,
            2
        ],
        [
            5,
            2
        ],
        [
            6,
            2
        ],
        [
            6,
            2
        ],
        [
            6,
            2
        ],
        [
            6,
            2
        ],
        [
            6,
            2
        ],
        [
            6,
            2
        ],
        [
            6,
            2
        ],
        [
            6,
            2
        ],
        [
            6,
            2
        ],
        [
            6,
            2
        ]
    ],
    "max_budgets": [
        19
    ],
    "num_changes": [
        [
            1,
            0
        ],
        [
            2,
            0
        ],
        [
            3,
            0
        ],
        [
            4,
            0
        ],
        [
            4,
            1
        ],
        [
            5,
            1
        ],
        [
            6,
            1
        ],
        [
            6,
            2
        ],
        [
            5,
            2
        ],
        [
            6,
            2
        ],
        [
            6,
            2
        ],
        [
            6,
            2
        ],
        [
            6,
            2
        ],
        [
            6,
            2
        ],
        [
            6,
            2
        ],
        [
            6,
            2
        ],
        [
            6,
            2
        ],
        [
            6,
            2
        ],
        [
            6,
            2
        ]
    ]
}