{
    "env_id": 621,
    "times": [
        0.13577961921691895,
        0.25964784622192383,
        0.3668701648712158,
        0.3668701648712158,
        0.3668701648712158,
        0.3668701648712158,
        0.3668701648712158,
        0.3668701648712158,
        0.3668701648712158,
        0.3668701648712158,
        0.3668701648712158,
        0.3668701648712158,
        0.3668701648712158,
        0.3668701648712158,
        0.3668701648712158,
        0.3668701648712158,
        0.3668701648712158,
        0.3668701648712158,
        0.3668701648712158
    ],
    "wcd_changes": [
        0,
        3,
        3,
        3,
        3,
        3,
        3,
        3,
        3,
        3,
        3,
        3,
        3,
        3,
        3,
        3,
        3,
        3,
        3
    ],
    "budgets": [
        [
            1,
            0
        ],
        [
            2,
            0
        ],
        [
            2,
            1
        ],
        [
            2,
            1
        ],
        [
            2,
            1
        ],
        [
            2,
            1
        ],
        [
            2,
            1
        ],
        [
            2,
            1
        ],
        [
            2,
            1
        ],
        [
            2,
            1
        ],
        [
            2,
            1
        ],
        [
            2,
            1
        ],
        [
            2,
            1
        ],
        [
            2,
            1
        ],
        [
            2,
            1
        ],
        [
            2,
            1
        ],
        [
            2,
            1
        ],
        [
            2,
            1
        ],
        [
            2,
            1
        ]
    ],
    "max_budgets": [
        19
    ],
    "num_changes": [
        [
            1,
            0
        ],
        [
            2,
            0
        ],
        [
            2,
            1
        ],
        [
            2,
            1
        ],
        [
            2,
            1
        ],
        [
            2,
            1
        ],
        [
            2,
            1
        ],
        [
            2,
            1
        ],
        [
            2,
            1
        ],
        [
            2,
            1
        ],
        [
            2,
            1
        ],
        [
            2,
            1
        ],
        [
            2,
            1
        ],
        [
            2,
            1
        ],
        [
            2,
            1
        ],
        [
            2,
            1
        ],
        [
            2,
            1
        ],
        [
            2,
            1
        ],
        [
            2,
            1
        ]
    ]
}