{
    "env_id": 1144,
    "times": [
        0.15150237083435059,
        0.3440287113189697,
        0.5463268756866455,
        0.7614729404449463,
        0.9642047882080078,
        0.9642047882080078,
        0.9642047882080078,
        0.9642047882080078,
        0.9642047882080078,
        0.9642047882080078,
        0.9642047882080078,
        0.9642047882080078,
        0.9642047882080078,
        0.9642047882080078,
        0.9642047882080078,
        0.9642047882080078,
        0.9642047882080078,
        0.9642047882080078,
        0.9642047882080078
    ],
    "wcd_changes": [
        1,
        1,
        1,
        2,
        2,
        2,
        2,
        2,
        2,
        2,
        2,
        2,
        2,
        2,
        2,
        2,
        2,
        2,
        2
    ],
    "budgets": [
        [
            1,
            0
        ],
        [
            1,
            1
        ],
        [
            1,
            2
        ],
        [
            1,
            3
        ],
        [
            2,
            3
        ],
        [
            2,
            3
        ],
        [
            2,
            3
        ],
        [
            2,
            3
        ],
        [
            2,
            3
        ],
        [
            2,
            3
        ],
        [
            2,
            3
        ],
        [
            2,
            3
        ],
        [
            2,
            3
        ],
        [
            2,
            3
        ],
        [
            2,
            3
        ],
        [
            2,
            3
        ],
        [
            2,
            3
        ],
        [
            2,
            3
        ],
        [
            2,
            3
        ]
    ],
    "max_budgets": [
        19
    ],
    "num_changes": [
        [
            1,
            0
        ],
        [
            1,
            1
        ],
        [
            1,
            2
        ],
        [
            1,
            3
        ],
        [
            2,
            3
        ],
        [
            2,
            3
        ],
        [
            2,
            3
        ],
        [
            2,
            3
        ],
        [
            2,
            3
        ],
        [
            2,
            3
        ],
        [
            2,
            3
        ],
        [
            2,
            3
        ],
        [
            2,
            3
        ],
        [
            2,
            3
        ],
        [
            2,
            3
        ],
        [
            2,
            3
        ],
        [
            2,
            3
        ],
        [
            2,
            3
        ],
        [
            2,
            3
        ]
    ]
}