{
    "env_id": 2050,
    "times": [
        0.23662328720092773,
        0.49146556854248047,
        0.7384121417999268,
        0.9729619026184082,
        1.225806713104248,
        1.4843239784240723,
        1.4843239784240723,
        1.4843239784240723,
        1.4843239784240723,
        1.4843239784240723,
        1.4843239784240723,
        1.4843239784240723,
        1.4843239784240723,
        1.4843239784240723,
        1.4843239784240723,
        1.4843239784240723,
        1.4843239784240723,
        1.4843239784240723,
        1.4843239784240723
    ],
    "wcd_changes": [
        2,
        2,
        2,
        2,
        2,
        2,
        2,
        2,
        2,
        2,
        2,
        2,
        2,
        2,
        2,
        2,
        2,
        2,
        2
    ],
    "budgets": [
        [
            1,
            0
        ],
        [
            2,
            0
        ],
        [
            3,
            0
        ],
        [
            4,
            0
        ],
        [
            5,
            0
        ],
        [
            6,
            0
        ],
        [
            6,
            0
        ],
        [
            6,
            0
        ],
        [
            6,
            0
        ],
        [
            6,
            0
        ],
        [
            6,
            0
        ],
        [
            6,
            0
        ],
        [
            6,
            0
        ],
        [
            6,
            0
        ],
        [
            6,
            0
        ],
        [
            6,
            0
        ],
        [
            6,
            0
        ],
        [
            6,
            0
        ],
        [
            6,
            0
        ]
    ],
    "max_budgets": [
        19
    ],
    "num_changes": [
        [
            1,
            0
        ],
        [
            2,
            0
        ],
        [
            3,
            0
        ],
        [
            4,
            0
        ],
        [
            5,
            0
        ],
        [
            6,
            0
        ],
        [
            6,
            0
        ],
        [
            6,
            0
        ],
        [
            6,
            0
        ],
        [
            6,
            0
        ],
        [
            6,
            0
        ],
        [
            6,
            0
        ],
        [
            6,
            0
        ],
        [
            6,
            0
        ],
        [
            6,
            0
        ],
        [
            6,
            0
        ],
        [
            6,
            0
        ],
        [
            6,
            0
        ],
        [
            6,
            0
        ]
    ]
}