{
    "env_id": 825,
    "times": [
        0.1301131248474121,
        0.2656552791595459,
        0.565000057220459,
        0.6979379653930664,
        0.8367135524749756,
        1.072402000427246,
        1.1932363510131836,
        1.323333740234375,
        1.4555561542510986,
        1.5874006748199463,
        1.5874006748199463,
        1.5874006748199463,
        1.5874006748199463,
        1.5874006748199463,
        1.5874006748199463,
        1.5874006748199463,
        1.5874006748199463,
        1.5874006748199463,
        1.5874006748199463
    ],
    "wcd_changes": [
        1,
        1,
        2,
        2,
        2,
        2,
        2,
        2,
        2,
        2,
        2,
        2,
        2,
        2,
        2,
        2,
        2,
        2,
        2
    ],
    "budgets": [
        [
            0,
            1
        ],
        [
            1,
            1
        ],
        [
            1,
            2
        ],
        [
            1,
            3
        ],
        [
            2,
            3
        ],
        [
            3,
            3
        ],
        [
            4,
            3
        ],
        [
            5,
            3
        ],
        [
            5,
            4
        ],
        [
            5,
            4
        ],
        [
            5,
            4
        ],
        [
            5,
            4
        ],
        [
            5,
            4
        ],
        [
            5,
            4
        ],
        [
            5,
            4
        ],
        [
            5,
            4
        ],
        [
            5,
            4
        ],
        [
            5,
            4
        ],
        [
            5,
            4
        ]
    ],
    "max_budgets": [
        19
    ],
    "num_changes": [
        [
            0,
            1
        ],
        [
            1,
            1
        ],
        [
            1,
            2
        ],
        [
            1,
            3
        ],
        [
            2,
            3
        ],
        [
            3,
            3
        ],
        [
            4,
            3
        ],
        [
            5,
            3
        ],
        [
            5,
            4
        ],
        [
            5,
            4
        ],
        [
            5,
            4
        ],
        [
            5,
            4
        ],
        [
            5,
            4
        ],
        [
            5,
            4
        ],
        [
            5,
            4
        ],
        [
            5,
            4
        ],
        [
            5,
            4
        ],
        [
            5,
            4
        ],
        [
            5,
            4
        ]
    ]
}