{
    "env_id": 2115,
    "times": [
        0.1226341724395752,
        0.2545032501220703,
        0.5432515144348145,
        0.6587555408477783,
        0.6587555408477783,
        0.6587555408477783,
        0.6587555408477783,
        0.6587555408477783,
        0.6587555408477783,
        0.6587555408477783,
        0.6587555408477783,
        0.6587555408477783,
        0.6587555408477783,
        0.6587555408477783,
        0.6587555408477783,
        0.6587555408477783,
        0.6587555408477783,
        0.6587555408477783,
        0.6587555408477783
    ],
    "wcd_changes": [
        2,
        4,
        4,
        4,
        4,
        4,
        4,
        4,
        4,
        4,
        4,
        4,
        4,
        4,
        4,
        4,
        4,
        4,
        4
    ],
    "budgets": [
        [
            0,
            1
        ],
        [
            0,
            2
        ],
        [
            1,
            2
        ],
        [
            2,
            2
        ],
        [
            2,
            2
        ],
        [
            2,
            2
        ],
        [
            2,
            2
        ],
        [
            2,
            2
        ],
        [
            2,
            2
        ],
        [
            2,
            2
        ],
        [
            2,
            2
        ],
        [
            2,
            2
        ],
        [
            2,
            2
        ],
        [
            2,
            2
        ],
        [
            2,
            2
        ],
        [
            2,
            2
        ],
        [
            2,
            2
        ],
        [
            2,
            2
        ],
        [
            2,
            2
        ]
    ],
    "max_budgets": [
        19
    ],
    "num_changes": [
        [
            0,
            1
        ],
        [
            0,
            2
        ],
        [
            1,
            2
        ],
        [
            2,
            2
        ],
        [
            2,
            2
        ],
        [
            2,
            2
        ],
        [
            2,
            2
        ],
        [
            2,
            2
        ],
        [
            2,
            2
        ],
        [
            2,
            2
        ],
        [
            2,
            2
        ],
        [
            2,
            2
        ],
        [
            2,
            2
        ],
        [
            2,
            2
        ],
        [
            2,
            2
        ],
        [
            2,
            2
        ],
        [
            2,
            2
        ],
        [
            2,
            2
        ],
        [
            2,
            2
        ]
    ]
}