{
    "env_id": 732,
    "times": [
        0.1429121494293213,
        0.1429121494293213,
        0.1429121494293213,
        0.1429121494293213,
        0.1429121494293213,
        0.1429121494293213,
        0.1429121494293213,
        0.1429121494293213,
        0.1429121494293213,
        0.1429121494293213,
        0.1429121494293213,
        0.1429121494293213,
        0.1429121494293213,
        0.1429121494293213,
        0.1429121494293213,
        0.1429121494293213,
        0.1429121494293213,
        0.1429121494293213,
        0.1429121494293213
    ],
    "wcd_changes": [
        3,
        3,
        3,
        3,
        3,
        3,
        3,
        3,
        3,
        3,
        3,
        3,
        3,
        3,
        3,
        3,
        3,
        3,
        3
    ],
    "budgets": [
        [
            0,
            1
        ],
        [
            0,
            1
        ],
        [
            0,
            1
        ],
        [
            0,
            1
        ],
        [
            0,
            1
        ],
        [
            0,
            1
        ],
        [
            0,
            1
        ],
        [
            0,
            1
        ],
        [
            0,
            1
        ],
        [
            0,
            1
        ],
        [
            0,
            1
        ],
        [
            0,
            1
        ],
        [
            0,
            1
        ],
        [
            0,
            1
        ],
        [
            0,
            1
        ],
        [
            0,
            1
        ],
        [
            0,
            1
        ],
        [
            0,
            1
        ],
        [
            0,
            1
        ]
    ],
    "max_budgets": [
        19
    ],
    "num_changes": [
        [
            0,
            1
        ],
        [
            0,
            1
        ],
        [
            0,
            1
        ],
        [
            0,
            1
        ],
        [
            0,
            1
        ],
        [
            0,
            1
        ],
        [
            0,
            1
        ],
        [
            0,
            1
        ],
        [
            0,
            1
        ],
        [
            0,
            1
        ],
        [
            0,
            1
        ],
        [
            0,
            1
        ],
        [
            0,
            1
        ],
        [
            0,
            1
        ],
        [
            0,
            1
        ],
        [
            0,
            1
        ],
        [
            0,
            1
        ],
        [
            0,
            1
        ],
        [
            0,
            1
        ]
    ]
}