{
    "env_id": 578,
    "times": [
        0.15606307983398438,
        0.3096456527709961,
        0.4820568561553955,
        0.6545586585998535,
        0.827075719833374,
        1.0076956748962402,
        1.1865148544311523,
        1.3651762008666992,
        1.5441923141479492,
        1.7223150730133057,
        1.8961915969848633,
        2.0772294998168945,
        2.0772294998168945,
        2.0772294998168945,
        2.0772294998168945,
        2.0772294998168945,
        2.0772294998168945,
        2.0772294998168945,
        2.0772294998168945
    ],
    "wcd_changes": [
        7,
        7,
        7,
        7,
        7,
        7,
        7,
        7,
        7,
        7,
        7,
        7,
        7,
        7,
        7,
        7,
        7,
        7,
        7
    ],
    "budgets": [
        [
            0,
            1
        ],
        [
            0,
            2
        ],
        [
            1,
            2
        ],
        [
            2,
            2
        ],
        [
            2,
            3
        ],
        [
            3,
            3
        ],
        [
            4,
            3
        ],
        [
            5,
            3
        ],
        [
            5,
            4
        ],
        [
            5,
            5
        ],
        [
            6,
            5
        ],
        [
            6,
            5
        ],
        [
            6,
            5
        ],
        [
            6,
            5
        ],
        [
            6,
            5
        ],
        [
            6,
            5
        ],
        [
            6,
            5
        ],
        [
            6,
            5
        ],
        [
            6,
            5
        ]
    ],
    "max_budgets": [
        19
    ],
    "num_changes": [
        [
            0,
            1
        ],
        [
            0,
            2
        ],
        [
            1,
            2
        ],
        [
            2,
            2
        ],
        [
            2,
            3
        ],
        [
            3,
            3
        ],
        [
            4,
            3
        ],
        [
            5,
            3
        ],
        [
            5,
            4
        ],
        [
            5,
            5
        ],
        [
            6,
            5
        ],
        [
            6,
            5
        ],
        [
            6,
            5
        ],
        [
            6,
            5
        ],
        [
            6,
            5
        ],
        [
            6,
            5
        ],
        [
            6,
            5
        ],
        [
            6,
            5
        ],
        [
            6,
            5
        ]
    ]
}