{
    "env_id": 1649,
    "times": [
        0.22908926010131836,
        0.48519277572631836,
        0.7602522373199463,
        0.9463701248168945,
        1.0853614807128906,
        1.2055647373199463,
        1.341233730316162,
        1.48732328414917,
        1.48732328414917,
        1.48732328414917,
        1.48732328414917,
        1.48732328414917,
        1.48732328414917,
        1.48732328414917,
        1.48732328414917,
        1.48732328414917,
        1.48732328414917,
        1.48732328414917,
        1.48732328414917
    ],
    "wcd_changes": [
        0,
        0,
        0,
        0,
        0,
        0,
        0,
        0,
        0,
        0,
        0,
        0,
        0,
        0,
        0,
        0,
        0,
        0,
        0
    ],
    "budgets": [
        [
            1,
            0
        ],
        [
            2,
            0
        ],
        [
            3,
            0
        ],
        [
            4,
            0
        ],
        [
            5,
            0
        ],
        [
            6,
            0
        ],
        [
            7,
            0
        ],
        [
            8,
            0
        ],
        [
            8,
            0
        ],
        [
            8,
            0
        ],
        [
            8,
            0
        ],
        [
            8,
            0
        ],
        [
            8,
            0
        ],
        [
            8,
            0
        ],
        [
            8,
            0
        ],
        [
            8,
            0
        ],
        [
            8,
            0
        ],
        [
            8,
            0
        ],
        [
            8,
            0
        ]
    ],
    "max_budgets": [
        19
    ],
    "num_changes": [
        [
            1,
            0
        ],
        [
            2,
            0
        ],
        [
            3,
            0
        ],
        [
            4,
            0
        ],
        [
            5,
            0
        ],
        [
            6,
            0
        ],
        [
            7,
            0
        ],
        [
            8,
            0
        ],
        [
            8,
            0
        ],
        [
            8,
            0
        ],
        [
            8,
            0
        ],
        [
            8,
            0
        ],
        [
            8,
            0
        ],
        [
            8,
            0
        ],
        [
            8,
            0
        ],
        [
            8,
            0
        ],
        [
            8,
            0
        ],
        [
            8,
            0
        ],
        [
            8,
            0
        ]
    ]
}