{
    "env_id": 1736,
    "times": [
        0.2949070930480957,
        0.6959867477416992,
        0.9370195865631104,
        1.2639305591583252,
        1.6516683101654053,
        1.9970982074737549,
        1.9970982074737549,
        1.9970982074737549,
        1.9970982074737549,
        1.9970982074737549,
        1.9970982074737549,
        1.9970982074737549,
        1.9970982074737549,
        1.9970982074737549,
        1.9970982074737549,
        1.9970982074737549,
        1.9970982074737549,
        1.9970982074737549,
        1.9970982074737549
    ],
    "wcd_changes": [
        0,
        0,
        15,
        14,
        18,
        20,
        20,
        20,
        20,
        20,
        20,
        20,
        20,
        20,
        20,
        20,
        20,
        20,
        20
    ],
    "budgets": [
        [
            1,
            0
        ],
        [
            2,
            0
        ],
        [
            1,
            0
        ],
        [
            2,
            0
        ],
        [
            1,
            0
        ],
        [
            2,
            0
        ],
        [
            2,
            0
        ],
        [
            2,
            0
        ],
        [
            2,
            0
        ],
        [
            2,
            0
        ],
        [
            2,
            0
        ],
        [
            2,
            0
        ],
        [
            2,
            0
        ],
        [
            2,
            0
        ],
        [
            2,
            0
        ],
        [
            2,
            0
        ],
        [
            2,
            0
        ],
        [
            2,
            0
        ],
        [
            2,
            0
        ]
    ],
    "max_budgets": [
        19
    ],
    "num_changes": [
        [
            1,
            0
        ],
        [
            2,
            0
        ],
        [
            1,
            0
        ],
        [
            2,
            0
        ],
        [
            1,
            0
        ],
        [
            2,
            0
        ],
        [
            2,
            0
        ],
        [
            2,
            0
        ],
        [
            2,
            0
        ],
        [
            2,
            0
        ],
        [
            2,
            0
        ],
        [
            2,
            0
        ],
        [
            2,
            0
        ],
        [
            2,
            0
        ],
        [
            2,
            0
        ],
        [
            2,
            0
        ],
        [
            2,
            0
        ],
        [
            2,
            0
        ],
        [
            2,
            0
        ]
    ]
}