{
    "env_id": 747,
    "times": [
        0.13600826263427734,
        0.35416626930236816,
        0.6008267402648926,
        0.8590731620788574,
        0.8590731620788574,
        0.8590731620788574,
        0.8590731620788574,
        0.8590731620788574,
        0.8590731620788574,
        0.8590731620788574,
        0.8590731620788574,
        0.8590731620788574,
        0.8590731620788574,
        0.8590731620788574,
        0.8590731620788574,
        0.8590731620788574,
        0.8590731620788574,
        0.8590731620788574,
        0.8590731620788574
    ],
    "wcd_changes": [
        0,
        0,
        0,
        0,
        0,
        0,
        0,
        0,
        0,
        0,
        0,
        0,
        0,
        0,
        0,
        0,
        0,
        0,
        0
    ],
    "budgets": [
        [
            1,
            0
        ],
        [
            2,
            0
        ],
        [
            3,
            0
        ],
        [
            4,
            0
        ],
        [
            4,
            0
        ],
        [
            4,
            0
        ],
        [
            4,
            0
        ],
        [
            4,
            0
        ],
        [
            4,
            0
        ],
        [
            4,
            0
        ],
        [
            4,
            0
        ],
        [
            4,
            0
        ],
        [
            4,
            0
        ],
        [
            4,
            0
        ],
        [
            4,
            0
        ],
        [
            4,
            0
        ],
        [
            4,
            0
        ],
        [
            4,
            0
        ],
        [
            4,
            0
        ]
    ],
    "max_budgets": [
        19
    ],
    "num_changes": [
        [
            1,
            0
        ],
        [
            2,
            0
        ],
        [
            3,
            0
        ],
        [
            4,
            0
        ],
        [
            4,
            0
        ],
        [
            4,
            0
        ],
        [
            4,
            0
        ],
        [
            4,
            0
        ],
        [
            4,
            0
        ],
        [
            4,
            0
        ],
        [
            4,
            0
        ],
        [
            4,
            0
        ],
        [
            4,
            0
        ],
        [
            4,
            0
        ],
        [
            4,
            0
        ],
        [
            4,
            0
        ],
        [
            4,
            0
        ],
        [
            4,
            0
        ],
        [
            4,
            0
        ]
    ]
}