{
    "env_id": 268,
    "times": [
        0.14876675605773926,
        0.3148972988128662,
        0.3148972988128662,
        0.3148972988128662,
        0.3148972988128662,
        0.3148972988128662,
        0.3148972988128662,
        0.3148972988128662,
        0.3148972988128662,
        0.3148972988128662,
        0.3148972988128662,
        0.3148972988128662,
        0.3148972988128662,
        0.3148972988128662,
        0.3148972988128662,
        0.3148972988128662,
        0.3148972988128662,
        0.3148972988128662,
        0.3148972988128662
    ],
    "wcd_changes": [
        1,
        2,
        2,
        2,
        2,
        2,
        2,
        2,
        2,
        2,
        2,
        2,
        2,
        2,
        2,
        2,
        2,
        2,
        2
    ],
    "budgets": [
        [
            0,
            1
        ],
        [
            0,
            2
        ],
        [
            0,
            2
        ],
        [
            0,
            2
        ],
        [
            0,
            2
        ],
        [
            0,
            2
        ],
        [
            0,
            2
        ],
        [
            0,
            2
        ],
        [
            0,
            2
        ],
        [
            0,
            2
        ],
        [
            0,
            2
        ],
        [
            0,
            2
        ],
        [
            0,
            2
        ],
        [
            0,
            2
        ],
        [
            0,
            2
        ],
        [
            0,
            2
        ],
        [
            0,
            2
        ],
        [
            0,
            2
        ],
        [
            0,
            2
        ]
    ],
    "max_budgets": [
        19
    ],
    "num_changes": [
        [
            0,
            1
        ],
        [
            0,
            2
        ],
        [
            0,
            2
        ],
        [
            0,
            2
        ],
        [
            0,
            2
        ],
        [
            0,
            2
        ],
        [
            0,
            2
        ],
        [
            0,
            2
        ],
        [
            0,
            2
        ],
        [
            0,
            2
        ],
        [
            0,
            2
        ],
        [
            0,
            2
        ],
        [
            0,
            2
        ],
        [
            0,
            2
        ],
        [
            0,
            2
        ],
        [
            0,
            2
        ],
        [
            0,
            2
        ],
        [
            0,
            2
        ],
        [
            0,
            2
        ]
    ]
}