{
    "env_id": 705,
    "times": [
        0.10483264923095703,
        0.20997118949890137,
        0.3258650302886963,
        0.44183897972106934,
        0.547950029373169,
        0.6722133159637451,
        0.6722133159637451,
        0.6722133159637451,
        0.6722133159637451,
        0.6722133159637451,
        0.6722133159637451,
        0.6722133159637451,
        0.6722133159637451,
        0.6722133159637451,
        0.6722133159637451,
        0.6722133159637451,
        0.6722133159637451,
        0.6722133159637451,
        0.6722133159637451
    ],
    "wcd_changes": [
        2,
        7,
        7,
        7,
        8,
        9,
        9,
        9,
        9,
        9,
        9,
        9,
        9,
        9,
        9,
        9,
        9,
        9,
        9
    ],
    "budgets": [
        [
            1,
            0
        ],
        [
            1,
            1
        ],
        [
            2,
            1
        ],
        [
            1,
            1
        ],
        [
            1,
            2
        ],
        [
            1,
            3
        ],
        [
            1,
            3
        ],
        [
            1,
            3
        ],
        [
            1,
            3
        ],
        [
            1,
            3
        ],
        [
            1,
            3
        ],
        [
            1,
            3
        ],
        [
            1,
            3
        ],
        [
            1,
            3
        ],
        [
            1,
            3
        ],
        [
            1,
            3
        ],
        [
            1,
            3
        ],
        [
            1,
            3
        ],
        [
            1,
            3
        ]
    ],
    "max_budgets": [
        19
    ],
    "num_changes": [
        [
            1,
            0
        ],
        [
            1,
            1
        ],
        [
            2,
            1
        ],
        [
            1,
            1
        ],
        [
            1,
            2
        ],
        [
            1,
            3
        ],
        [
            1,
            3
        ],
        [
            1,
            3
        ],
        [
            1,
            3
        ],
        [
            1,
            3
        ],
        [
            1,
            3
        ],
        [
            1,
            3
        ],
        [
            1,
            3
        ],
        [
            1,
            3
        ],
        [
            1,
            3
        ],
        [
            1,
            3
        ],
        [
            1,
            3
        ],
        [
            1,
            3
        ],
        [
            1,
            3
        ]
    ]
}