{
    "env_id": 1411,
    "times": [
        0.28783273696899414,
        0.5911400318145752,
        0.8448586463928223,
        1.0790340900421143,
        1.3603754043579102,
        1.3603754043579102,
        1.3603754043579102,
        1.3603754043579102,
        1.3603754043579102,
        1.3603754043579102,
        1.3603754043579102,
        1.3603754043579102,
        1.3603754043579102,
        1.3603754043579102,
        1.3603754043579102,
        1.3603754043579102,
        1.3603754043579102,
        1.3603754043579102,
        1.3603754043579102
    ],
    "wcd_changes": [
        4,
        4,
        4,
        4,
        4,
        4,
        4,
        4,
        4,
        4,
        4,
        4,
        4,
        4,
        4,
        4,
        4,
        4,
        4
    ],
    "budgets": [
        [
            1,
            0
        ],
        [
            2,
            0
        ],
        [
            3,
            0
        ],
        [
            4,
            0
        ],
        [
            5,
            0
        ],
        [
            5,
            0
        ],
        [
            5,
            0
        ],
        [
            5,
            0
        ],
        [
            5,
            0
        ],
        [
            5,
            0
        ],
        [
            5,
            0
        ],
        [
            5,
            0
        ],
        [
            5,
            0
        ],
        [
            5,
            0
        ],
        [
            5,
            0
        ],
        [
            5,
            0
        ],
        [
            5,
            0
        ],
        [
            5,
            0
        ],
        [
            5,
            0
        ]
    ],
    "max_budgets": [
        19
    ],
    "num_changes": [
        [
            1,
            0
        ],
        [
            2,
            0
        ],
        [
            3,
            0
        ],
        [
            4,
            0
        ],
        [
            5,
            0
        ],
        [
            5,
            0
        ],
        [
            5,
            0
        ],
        [
            5,
            0
        ],
        [
            5,
            0
        ],
        [
            5,
            0
        ],
        [
            5,
            0
        ],
        [
            5,
            0
        ],
        [
            5,
            0
        ],
        [
            5,
            0
        ],
        [
            5,
            0
        ],
        [
            5,
            0
        ],
        [
            5,
            0
        ],
        [
            5,
            0
        ],
        [
            5,
            0
        ]
    ]
}