{
    "env_id": 1739,
    "times": [
        0.2515552043914795,
        0.4884474277496338,
        0.7028782367706299,
        0.9886572360992432,
        1.2159297466278076,
        1.4777588844299316,
        1.7593188285827637,
        2.0833160877227783,
        2.278146743774414,
        2.4470670223236084,
        2.6887717247009277,
        2.6887717247009277,
        2.6887717247009277,
        2.6887717247009277,
        2.6887717247009277,
        2.6887717247009277,
        2.6887717247009277,
        2.6887717247009277,
        2.6887717247009277
    ],
    "wcd_changes": [
        0,
        0,
        0,
        0,
        0,
        0,
        2,
        2,
        5,
        8,
        8,
        8,
        8,
        8,
        8,
        8,
        8,
        8,
        8
    ],
    "budgets": [
        [
            0,
            1
        ],
        [
            0,
            2
        ],
        [
            0,
            3
        ],
        [
            1,
            3
        ],
        [
            1,
            4
        ],
        [
            1,
            5
        ],
        [
            2,
            5
        ],
        [
            3,
            5
        ],
        [
            4,
            5
        ],
        [
            3,
            5
        ],
        [
            4,
            5
        ],
        [
            4,
            5
        ],
        [
            4,
            5
        ],
        [
            4,
            5
        ],
        [
            4,
            5
        ],
        [
            4,
            5
        ],
        [
            4,
            5
        ],
        [
            4,
            5
        ],
        [
            4,
            5
        ]
    ],
    "max_budgets": [
        19
    ],
    "num_changes": [
        [
            0,
            1
        ],
        [
            0,
            2
        ],
        [
            0,
            3
        ],
        [
            1,
            3
        ],
        [
            1,
            4
        ],
        [
            1,
            5
        ],
        [
            2,
            5
        ],
        [
            3,
            5
        ],
        [
            4,
            5
        ],
        [
            3,
            5
        ],
        [
            4,
            5
        ],
        [
            4,
            5
        ],
        [
            4,
            5
        ],
        [
            4,
            5
        ],
        [
            4,
            5
        ],
        [
            4,
            5
        ],
        [
            4,
            5
        ],
        [
            4,
            5
        ],
        [
            4,
            5
        ]
    ]
}