{
    "env_id": 674,
    "times": [
        0.24747109413146973,
        0.43939924240112305,
        0.7966928482055664,
        1.0662996768951416,
        1.0662996768951416,
        1.0662996768951416,
        1.0662996768951416,
        1.0662996768951416,
        1.0662996768951416,
        1.0662996768951416,
        1.0662996768951416,
        1.0662996768951416,
        1.0662996768951416,
        1.0662996768951416,
        1.0662996768951416,
        1.0662996768951416,
        1.0662996768951416,
        1.0662996768951416,
        1.0662996768951416
    ],
    "wcd_changes": [
        3,
        3,
        3,
        3,
        3,
        3,
        3,
        3,
        3,
        3,
        3,
        3,
        3,
        3,
        3,
        3,
        3,
        3,
        3
    ],
    "budgets": [
        [
            0,
            1
        ],
        [
            0,
            2
        ],
        [
            1,
            2
        ],
        [
            2,
            2
        ],
        [
            2,
            2
        ],
        [
            2,
            2
        ],
        [
            2,
            2
        ],
        [
            2,
            2
        ],
        [
            2,
            2
        ],
        [
            2,
            2
        ],
        [
            2,
            2
        ],
        [
            2,
            2
        ],
        [
            2,
            2
        ],
        [
            2,
            2
        ],
        [
            2,
            2
        ],
        [
            2,
            2
        ],
        [
            2,
            2
        ],
        [
            2,
            2
        ],
        [
            2,
            2
        ]
    ],
    "max_budgets": [
        19
    ],
    "num_changes": [
        [
            0,
            1
        ],
        [
            0,
            2
        ],
        [
            1,
            2
        ],
        [
            2,
            2
        ],
        [
            2,
            2
        ],
        [
            2,
            2
        ],
        [
            2,
            2
        ],
        [
            2,
            2
        ],
        [
            2,
            2
        ],
        [
            2,
            2
        ],
        [
            2,
            2
        ],
        [
            2,
            2
        ],
        [
            2,
            2
        ],
        [
            2,
            2
        ],
        [
            2,
            2
        ],
        [
            2,
            2
        ],
        [
            2,
            2
        ],
        [
            2,
            2
        ],
        [
            2,
            2
        ]
    ]
}