{
    "env_id": 1666,
    "times": [
        0.25844550132751465,
        0.5286791324615479,
        0.5286791324615479,
        0.5286791324615479,
        0.5286791324615479,
        0.5286791324615479,
        0.5286791324615479,
        0.5286791324615479,
        0.5286791324615479,
        0.5286791324615479,
        0.5286791324615479,
        0.5286791324615479,
        0.5286791324615479,
        0.5286791324615479,
        0.5286791324615479,
        0.5286791324615479,
        0.5286791324615479,
        0.5286791324615479,
        0.5286791324615479
    ],
    "wcd_changes": [
        5,
        5,
        5,
        5,
        5,
        5,
        5,
        5,
        5,
        5,
        5,
        5,
        5,
        5,
        5,
        5,
        5,
        5,
        5
    ],
    "budgets": [
        [
            1,
            0
        ],
        [
            2,
            0
        ],
        [
            2,
            0
        ],
        [
            2,
            0
        ],
        [
            2,
            0
        ],
        [
            2,
            0
        ],
        [
            2,
            0
        ],
        [
            2,
            0
        ],
        [
            2,
            0
        ],
        [
            2,
            0
        ],
        [
            2,
            0
        ],
        [
            2,
            0
        ],
        [
            2,
            0
        ],
        [
            2,
            0
        ],
        [
            2,
            0
        ],
        [
            2,
            0
        ],
        [
            2,
            0
        ],
        [
            2,
            0
        ],
        [
            2,
            0
        ]
    ],
    "max_budgets": [
        19
    ],
    "num_changes": [
        [
            1,
            0
        ],
        [
            2,
            0
        ],
        [
            2,
            0
        ],
        [
            2,
            0
        ],
        [
            2,
            0
        ],
        [
            2,
            0
        ],
        [
            2,
            0
        ],
        [
            2,
            0
        ],
        [
            2,
            0
        ],
        [
            2,
            0
        ],
        [
            2,
            0
        ],
        [
            2,
            0
        ],
        [
            2,
            0
        ],
        [
            2,
            0
        ],
        [
            2,
            0
        ],
        [
            2,
            0
        ],
        [
            2,
            0
        ],
        [
            2,
            0
        ],
        [
            2,
            0
        ]
    ]
}