{
    "env_id": 201,
    "times": [
        0.13763952255249023,
        0.29671621322631836,
        0.4183776378631592,
        0.5416193008422852,
        0.6467859745025635,
        0.748162031173706,
        0.8613147735595703,
        0.9876763820648193,
        1.1114730834960938,
        1.237245798110962,
        1.3634543418884277,
        1.4895546436309814,
        1.621544361114502,
        1.7266418933868408,
        1.7266418933868408,
        1.7266418933868408,
        1.7266418933868408,
        1.7266418933868408,
        1.7266418933868408
    ],
    "wcd_changes": [
        0,
        0,
        0,
        0,
        0,
        0,
        1,
        1,
        1,
        1,
        1,
        1,
        1,
        1,
        1,
        1,
        1,
        1,
        1
    ],
    "budgets": [
        [
            1,
            0
        ],
        [
            2,
            0
        ],
        [
            3,
            0
        ],
        [
            4,
            0
        ],
        [
            5,
            0
        ],
        [
            6,
            0
        ],
        [
            6,
            1
        ],
        [
            6,
            2
        ],
        [
            7,
            2
        ],
        [
            8,
            2
        ],
        [
            9,
            2
        ],
        [
            9,
            3
        ],
        [
            10,
            3
        ],
        [
            10,
            3
        ],
        [
            10,
            3
        ],
        [
            10,
            3
        ],
        [
            10,
            3
        ],
        [
            10,
            3
        ],
        [
            10,
            3
        ]
    ],
    "max_budgets": [
        19
    ],
    "num_changes": [
        [
            1,
            0
        ],
        [
            2,
            0
        ],
        [
            3,
            0
        ],
        [
            4,
            0
        ],
        [
            5,
            0
        ],
        [
            6,
            0
        ],
        [
            6,
            1
        ],
        [
            6,
            2
        ],
        [
            7,
            2
        ],
        [
            8,
            2
        ],
        [
            9,
            2
        ],
        [
            9,
            3
        ],
        [
            10,
            3
        ],
        [
            10,
            3
        ],
        [
            10,
            3
        ],
        [
            10,
            3
        ],
        [
            10,
            3
        ],
        [
            10,
            3
        ],
        [
            10,
            3
        ]
    ]
}