{
    "env_id": 1972,
    "times": [
        0.19726181030273438,
        0.40502095222473145,
        0.6131405830383301,
        0.8225750923156738,
        1.0007717609405518,
        1.0007717609405518,
        1.0007717609405518,
        1.0007717609405518,
        1.0007717609405518,
        1.0007717609405518,
        1.0007717609405518,
        1.0007717609405518,
        1.0007717609405518,
        1.0007717609405518,
        1.0007717609405518,
        1.0007717609405518,
        1.0007717609405518,
        1.0007717609405518,
        1.0007717609405518
    ],
    "wcd_changes": [
        0,
        0,
        0,
        0,
        0,
        0,
        0,
        0,
        0,
        0,
        0,
        0,
        0,
        0,
        0,
        0,
        0,
        0,
        0
    ],
    "budgets": [
        [
            0,
            1
        ],
        [
            1,
            1
        ],
        [
            1,
            2
        ],
        [
            1,
            3
        ],
        [
            1,
            3
        ],
        [
            1,
            3
        ],
        [
            1,
            3
        ],
        [
            1,
            3
        ],
        [
            1,
            3
        ],
        [
            1,
            3
        ],
        [
            1,
            3
        ],
        [
            1,
            3
        ],
        [
            1,
            3
        ],
        [
            1,
            3
        ],
        [
            1,
            3
        ],
        [
            1,
            3
        ],
        [
            1,
            3
        ],
        [
            1,
            3
        ],
        [
            1,
            3
        ]
    ],
    "max_budgets": [
        19
    ],
    "num_changes": [
        [
            0,
            1
        ],
        [
            1,
            1
        ],
        [
            1,
            2
        ],
        [
            1,
            3
        ],
        [
            1,
            3
        ],
        [
            1,
            3
        ],
        [
            1,
            3
        ],
        [
            1,
            3
        ],
        [
            1,
            3
        ],
        [
            1,
            3
        ],
        [
            1,
            3
        ],
        [
            1,
            3
        ],
        [
            1,
            3
        ],
        [
            1,
            3
        ],
        [
            1,
            3
        ],
        [
            1,
            3
        ],
        [
            1,
            3
        ],
        [
            1,
            3
        ],
        [
            1,
            3
        ]
    ]
}