{
    "env_id": 575,
    "times": [
        0.18651390075683594,
        0.35854101181030273,
        0.5287976264953613,
        0.6990096569061279,
        0.6990096569061279,
        0.6990096569061279,
        0.6990096569061279,
        0.6990096569061279,
        0.6990096569061279,
        0.6990096569061279,
        0.6990096569061279,
        0.6990096569061279,
        0.6990096569061279,
        0.6990096569061279,
        0.6990096569061279,
        0.6990096569061279,
        0.6990096569061279,
        0.6990096569061279,
        0.6990096569061279
    ],
    "wcd_changes": [
        0,
        0,
        0,
        0,
        0,
        0,
        0,
        0,
        0,
        0,
        0,
        0,
        0,
        0,
        0,
        0,
        0,
        0,
        0
    ],
    "budgets": [
        [
            1,
            0
        ],
        [
            2,
            0
        ],
        [
            3,
            0
        ],
        [
            3,
            0
        ],
        [
            3,
            0
        ],
        [
            3,
            0
        ],
        [
            3,
            0
        ],
        [
            3,
            0
        ],
        [
            3,
            0
        ],
        [
            3,
            0
        ],
        [
            3,
            0
        ],
        [
            3,
            0
        ],
        [
            3,
            0
        ],
        [
            3,
            0
        ],
        [
            3,
            0
        ],
        [
            3,
            0
        ],
        [
            3,
            0
        ],
        [
            3,
            0
        ],
        [
            3,
            0
        ]
    ],
    "max_budgets": [
        19
    ],
    "num_changes": [
        [
            1,
            0
        ],
        [
            2,
            0
        ],
        [
            3,
            0
        ],
        [
            3,
            0
        ],
        [
            3,
            0
        ],
        [
            3,
            0
        ],
        [
            3,
            0
        ],
        [
            3,
            0
        ],
        [
            3,
            0
        ],
        [
            3,
            0
        ],
        [
            3,
            0
        ],
        [
            3,
            0
        ],
        [
            3,
            0
        ],
        [
            3,
            0
        ],
        [
            3,
            0
        ],
        [
            3,
            0
        ],
        [
            3,
            0
        ],
        [
            3,
            0
        ],
        [
            3,
            0
        ]
    ]
}