{
    "env_id": 1040,
    "times": [
        0.21545076370239258,
        0.36968469619750977,
        0.5249283313751221,
        0.6993482112884521,
        0.8860690593719482,
        1.0545332431793213,
        1.234212875366211,
        1.401581048965454,
        1.401581048965454,
        1.401581048965454,
        1.401581048965454,
        1.401581048965454,
        1.401581048965454,
        1.401581048965454,
        1.401581048965454,
        1.401581048965454,
        1.401581048965454,
        1.401581048965454,
        1.401581048965454
    ],
    "wcd_changes": [
        0,
        0,
        -3,
        0,
        0,
        0,
        0,
        0,
        0,
        0,
        0,
        0,
        0,
        0,
        0,
        0,
        0,
        0,
        0
    ],
    "budgets": [
        [
            1,
            0
        ],
        [
            2,
            0
        ],
        [
            3,
            0
        ],
        [
            4,
            0
        ],
        [
            4,
            1
        ],
        [
            4,
            2
        ],
        [
            5,
            2
        ],
        [
            6,
            2
        ],
        [
            6,
            2
        ],
        [
            6,
            2
        ],
        [
            6,
            2
        ],
        [
            6,
            2
        ],
        [
            6,
            2
        ],
        [
            6,
            2
        ],
        [
            6,
            2
        ],
        [
            6,
            2
        ],
        [
            6,
            2
        ],
        [
            6,
            2
        ],
        [
            6,
            2
        ]
    ],
    "max_budgets": [
        19
    ],
    "num_changes": [
        [
            1,
            0
        ],
        [
            2,
            0
        ],
        [
            3,
            0
        ],
        [
            4,
            0
        ],
        [
            4,
            1
        ],
        [
            4,
            2
        ],
        [
            5,
            2
        ],
        [
            6,
            2
        ],
        [
            6,
            2
        ],
        [
            6,
            2
        ],
        [
            6,
            2
        ],
        [
            6,
            2
        ],
        [
            6,
            2
        ],
        [
            6,
            2
        ],
        [
            6,
            2
        ],
        [
            6,
            2
        ],
        [
            6,
            2
        ],
        [
            6,
            2
        ],
        [
            6,
            2
        ]
    ]
}