{
    "env_id": 2104,
    "times": [
        0.20419096946716309,
        0.41944241523742676,
        0.6229336261749268,
        0.8250212669372559,
        1.0286023616790771,
        1.0286023616790771,
        1.0286023616790771,
        1.0286023616790771,
        1.0286023616790771,
        1.0286023616790771,
        1.0286023616790771,
        1.0286023616790771,
        1.0286023616790771,
        1.0286023616790771,
        1.0286023616790771,
        1.0286023616790771,
        1.0286023616790771,
        1.0286023616790771,
        1.0286023616790771
    ],
    "wcd_changes": [
        2,
        2,
        3,
        -1,
        -1,
        -1,
        -1,
        -1,
        -1,
        -1,
        -1,
        -1,
        -1,
        -1,
        -1,
        -1,
        -1,
        -1,
        -1
    ],
    "budgets": [
        [
            1,
            0
        ],
        [
            0,
            0
        ],
        [
            1,
            0
        ],
        [
            2,
            0
        ],
        [
            2,
            1
        ],
        [
            2,
            1
        ],
        [
            2,
            1
        ],
        [
            2,
            1
        ],
        [
            2,
            1
        ],
        [
            2,
            1
        ],
        [
            2,
            1
        ],
        [
            2,
            1
        ],
        [
            2,
            1
        ],
        [
            2,
            1
        ],
        [
            2,
            1
        ],
        [
            2,
            1
        ],
        [
            2,
            1
        ],
        [
            2,
            1
        ],
        [
            2,
            1
        ]
    ],
    "max_budgets": [
        19
    ],
    "num_changes": [
        [
            1,
            0
        ],
        [
            0,
            0
        ],
        [
            1,
            0
        ],
        [
            2,
            0
        ],
        [
            2,
            1
        ],
        [
            2,
            1
        ],
        [
            2,
            1
        ],
        [
            2,
            1
        ],
        [
            2,
            1
        ],
        [
            2,
            1
        ],
        [
            2,
            1
        ],
        [
            2,
            1
        ],
        [
            2,
            1
        ],
        [
            2,
            1
        ],
        [
            2,
            1
        ],
        [
            2,
            1
        ],
        [
            2,
            1
        ],
        [
            2,
            1
        ],
        [
            2,
            1
        ]
    ]
}