{
    "env_id": 1500,
    "times": [
        0.12128901481628418,
        0.286712646484375,
        0.44282078742980957,
        0.5982375144958496,
        0.8465778827667236,
        1.0172092914581299,
        1.0172092914581299,
        1.0172092914581299,
        1.0172092914581299,
        1.0172092914581299,
        1.0172092914581299,
        1.0172092914581299,
        1.0172092914581299,
        1.0172092914581299,
        1.0172092914581299,
        1.0172092914581299,
        1.0172092914581299,
        1.0172092914581299,
        1.0172092914581299
    ],
    "wcd_changes": [
        6,
        9,
        9,
        9,
        9,
        10,
        10,
        10,
        10,
        10,
        10,
        10,
        10,
        10,
        10,
        10,
        10,
        10,
        10
    ],
    "budgets": [
        [
            0,
            1
        ],
        [
            0,
            2
        ],
        [
            0,
            3
        ],
        [
            0,
            4
        ],
        [
            0,
            5
        ],
        [
            0,
            6
        ],
        [
            0,
            6
        ],
        [
            0,
            6
        ],
        [
            0,
            6
        ],
        [
            0,
            6
        ],
        [
            0,
            6
        ],
        [
            0,
            6
        ],
        [
            0,
            6
        ],
        [
            0,
            6
        ],
        [
            0,
            6
        ],
        [
            0,
            6
        ],
        [
            0,
            6
        ],
        [
            0,
            6
        ],
        [
            0,
            6
        ]
    ],
    "max_budgets": [
        19
    ],
    "num_changes": [
        [
            0,
            1
        ],
        [
            0,
            2
        ],
        [
            0,
            3
        ],
        [
            0,
            4
        ],
        [
            0,
            5
        ],
        [
            0,
            6
        ],
        [
            0,
            6
        ],
        [
            0,
            6
        ],
        [
            0,
            6
        ],
        [
            0,
            6
        ],
        [
            0,
            6
        ],
        [
            0,
            6
        ],
        [
            0,
            6
        ],
        [
            0,
            6
        ],
        [
            0,
            6
        ],
        [
            0,
            6
        ],
        [
            0,
            6
        ],
        [
            0,
            6
        ],
        [
            0,
            6
        ]
    ]
}