{
    "env_id": 1773,
    "times": [
        0.11965203285217285,
        0.2557823657989502,
        0.2557823657989502,
        0.2557823657989502,
        0.2557823657989502,
        0.2557823657989502,
        0.2557823657989502,
        0.2557823657989502,
        0.2557823657989502,
        0.2557823657989502,
        0.2557823657989502,
        0.2557823657989502,
        0.2557823657989502,
        0.2557823657989502,
        0.2557823657989502,
        0.2557823657989502,
        0.2557823657989502,
        0.2557823657989502,
        0.2557823657989502
    ],
    "wcd_changes": [
        5,
        5,
        5,
        5,
        5,
        5,
        5,
        5,
        5,
        5,
        5,
        5,
        5,
        5,
        5,
        5,
        5,
        5,
        5
    ],
    "budgets": [
        [
            0,
            1
        ],
        [
            1,
            1
        ],
        [
            1,
            1
        ],
        [
            1,
            1
        ],
        [
            1,
            1
        ],
        [
            1,
            1
        ],
        [
            1,
            1
        ],
        [
            1,
            1
        ],
        [
            1,
            1
        ],
        [
            1,
            1
        ],
        [
            1,
            1
        ],
        [
            1,
            1
        ],
        [
            1,
            1
        ],
        [
            1,
            1
        ],
        [
            1,
            1
        ],
        [
            1,
            1
        ],
        [
            1,
            1
        ],
        [
            1,
            1
        ],
        [
            1,
            1
        ]
    ],
    "max_budgets": [
        19
    ],
    "num_changes": [
        [
            0,
            1
        ],
        [
            1,
            1
        ],
        [
            1,
            1
        ],
        [
            1,
            1
        ],
        [
            1,
            1
        ],
        [
            1,
            1
        ],
        [
            1,
            1
        ],
        [
            1,
            1
        ],
        [
            1,
            1
        ],
        [
            1,
            1
        ],
        [
            1,
            1
        ],
        [
            1,
            1
        ],
        [
            1,
            1
        ],
        [
            1,
            1
        ],
        [
            1,
            1
        ],
        [
            1,
            1
        ],
        [
            1,
            1
        ],
        [
            1,
            1
        ],
        [
            1,
            1
        ]
    ]
}