{
    "env_id": 1457,
    "times": [
        0.2813732624053955,
        0.5607190132141113,
        0.8544549942016602,
        1.1470696926116943,
        1.4394407272338867,
        1.7395963668823242,
        2.0113115310668945,
        2.252939224243164,
        2.498629331588745,
        2.7742397785186768,
        3.0278823375701904,
        3.0278823375701904,
        3.0278823375701904,
        3.0278823375701904,
        3.0278823375701904,
        3.0278823375701904,
        3.0278823375701904,
        3.0278823375701904,
        3.0278823375701904
    ],
    "wcd_changes": [
        -2,
        -2,
        -2,
        -2,
        -2,
        -2,
        -2,
        -2,
        -2,
        -2,
        -2,
        -2,
        -2,
        -2,
        -2,
        -2,
        -2,
        -2,
        -2
    ],
    "budgets": [
        [
            0,
            1
        ],
        [
            1,
            1
        ],
        [
            2,
            1
        ],
        [
            2,
            2
        ],
        [
            2,
            3
        ],
        [
            3,
            3
        ],
        [
            4,
            3
        ],
        [
            4,
            2
        ],
        [
            5,
            2
        ],
        [
            6,
            2
        ],
        [
            7,
            2
        ],
        [
            7,
            2
        ],
        [
            7,
            2
        ],
        [
            7,
            2
        ],
        [
            7,
            2
        ],
        [
            7,
            2
        ],
        [
            7,
            2
        ],
        [
            7,
            2
        ],
        [
            7,
            2
        ]
    ],
    "max_budgets": [
        19
    ],
    "num_changes": [
        [
            0,
            1
        ],
        [
            1,
            1
        ],
        [
            2,
            1
        ],
        [
            2,
            2
        ],
        [
            2,
            3
        ],
        [
            3,
            3
        ],
        [
            4,
            3
        ],
        [
            4,
            2
        ],
        [
            5,
            2
        ],
        [
            6,
            2
        ],
        [
            7,
            2
        ],
        [
            7,
            2
        ],
        [
            7,
            2
        ],
        [
            7,
            2
        ],
        [
            7,
            2
        ],
        [
            7,
            2
        ],
        [
            7,
            2
        ],
        [
            7,
            2
        ],
        [
            7,
            2
        ]
    ]
}