{
    "env_id": 1138,
    "times": [
        0.2343120574951172,
        0.41541051864624023,
        0.5915119647979736,
        0.7580127716064453,
        0.9242899417877197,
        1.0856115818023682,
        1.2383689880371094,
        1.2383689880371094,
        1.2383689880371094,
        1.2383689880371094,
        1.2383689880371094,
        1.2383689880371094,
        1.2383689880371094,
        1.2383689880371094,
        1.2383689880371094,
        1.2383689880371094,
        1.2383689880371094,
        1.2383689880371094,
        1.2383689880371094
    ],
    "wcd_changes": [
        1,
        3,
        1,
        1,
        1,
        1,
        1,
        1,
        1,
        1,
        1,
        1,
        1,
        1,
        1,
        1,
        1,
        1,
        1
    ],
    "budgets": [
        [
            0,
            1
        ],
        [
            1,
            1
        ],
        [
            2,
            1
        ],
        [
            2,
            2
        ],
        [
            3,
            2
        ],
        [
            4,
            2
        ],
        [
            4,
            2
        ],
        [
            4,
            2
        ],
        [
            4,
            2
        ],
        [
            4,
            2
        ],
        [
            4,
            2
        ],
        [
            4,
            2
        ],
        [
            4,
            2
        ],
        [
            4,
            2
        ],
        [
            4,
            2
        ],
        [
            4,
            2
        ],
        [
            4,
            2
        ],
        [
            4,
            2
        ],
        [
            4,
            2
        ]
    ],
    "max_budgets": [
        19
    ],
    "num_changes": [
        [
            0,
            1
        ],
        [
            1,
            1
        ],
        [
            2,
            1
        ],
        [
            2,
            2
        ],
        [
            3,
            2
        ],
        [
            4,
            2
        ],
        [
            4,
            2
        ],
        [
            4,
            2
        ],
        [
            4,
            2
        ],
        [
            4,
            2
        ],
        [
            4,
            2
        ],
        [
            4,
            2
        ],
        [
            4,
            2
        ],
        [
            4,
            2
        ],
        [
            4,
            2
        ],
        [
            4,
            2
        ],
        [
            4,
            2
        ],
        [
            4,
            2
        ],
        [
            4,
            2
        ]
    ]
}