{
    "env_id": 348,
    "times": [
        0.13734769821166992,
        0.3545067310333252,
        0.4874594211578369,
        0.666140079498291,
        0.7979631423950195,
        0.7979631423950195,
        0.7979631423950195,
        0.7979631423950195,
        0.7979631423950195,
        0.7979631423950195,
        0.7979631423950195,
        0.7979631423950195,
        0.7979631423950195,
        0.7979631423950195,
        0.7979631423950195,
        0.7979631423950195,
        0.7979631423950195,
        0.7979631423950195,
        0.7979631423950195
    ],
    "wcd_changes": [
        0,
        0,
        0,
        0,
        0,
        0,
        0,
        0,
        0,
        0,
        0,
        0,
        0,
        0,
        0,
        0,
        0,
        0,
        0
    ],
    "budgets": [
        [
            1,
            0
        ],
        [
            2,
            0
        ],
        [
            2,
            1
        ],
        [
            2,
            2
        ],
        [
            3,
            2
        ],
        [
            3,
            2
        ],
        [
            3,
            2
        ],
        [
            3,
            2
        ],
        [
            3,
            2
        ],
        [
            3,
            2
        ],
        [
            3,
            2
        ],
        [
            3,
            2
        ],
        [
            3,
            2
        ],
        [
            3,
            2
        ],
        [
            3,
            2
        ],
        [
            3,
            2
        ],
        [
            3,
            2
        ],
        [
            3,
            2
        ],
        [
            3,
            2
        ]
    ],
    "max_budgets": [
        19
    ],
    "num_changes": [
        [
            1,
            0
        ],
        [
            2,
            0
        ],
        [
            2,
            1
        ],
        [
            2,
            2
        ],
        [
            3,
            2
        ],
        [
            3,
            2
        ],
        [
            3,
            2
        ],
        [
            3,
            2
        ],
        [
            3,
            2
        ],
        [
            3,
            2
        ],
        [
            3,
            2
        ],
        [
            3,
            2
        ],
        [
            3,
            2
        ],
        [
            3,
            2
        ],
        [
            3,
            2
        ],
        [
            3,
            2
        ],
        [
            3,
            2
        ],
        [
            3,
            2
        ],
        [
            3,
            2
        ]
    ]
}