{
    "env_id": 962,
    "times": [
        0.25148725509643555,
        0.4806809425354004,
        0.7536721229553223,
        0.7536721229553223,
        0.7536721229553223,
        0.7536721229553223,
        0.7536721229553223,
        0.7536721229553223,
        0.7536721229553223,
        0.7536721229553223,
        0.7536721229553223,
        0.7536721229553223,
        0.7536721229553223,
        0.7536721229553223,
        0.7536721229553223,
        0.7536721229553223,
        0.7536721229553223,
        0.7536721229553223,
        0.7536721229553223
    ],
    "wcd_changes": [
        5,
        5,
        5,
        5,
        5,
        5,
        5,
        5,
        5,
        5,
        5,
        5,
        5,
        5,
        5,
        5,
        5,
        5,
        5
    ],
    "budgets": [
        [
            0,
            1
        ],
        [
            0,
            2
        ],
        [
            1,
            2
        ],
        [
            1,
            2
        ],
        [
            1,
            2
        ],
        [
            1,
            2
        ],
        [
            1,
            2
        ],
        [
            1,
            2
        ],
        [
            1,
            2
        ],
        [
            1,
            2
        ],
        [
            1,
            2
        ],
        [
            1,
            2
        ],
        [
            1,
            2
        ],
        [
            1,
            2
        ],
        [
            1,
            2
        ],
        [
            1,
            2
        ],
        [
            1,
            2
        ],
        [
            1,
            2
        ],
        [
            1,
            2
        ]
    ],
    "max_budgets": [
        19
    ],
    "num_changes": [
        [
            0,
            1
        ],
        [
            0,
            2
        ],
        [
            1,
            2
        ],
        [
            1,
            2
        ],
        [
            1,
            2
        ],
        [
            1,
            2
        ],
        [
            1,
            2
        ],
        [
            1,
            2
        ],
        [
            1,
            2
        ],
        [
            1,
            2
        ],
        [
            1,
            2
        ],
        [
            1,
            2
        ],
        [
            1,
            2
        ],
        [
            1,
            2
        ],
        [
            1,
            2
        ],
        [
            1,
            2
        ],
        [
            1,
            2
        ],
        [
            1,
            2
        ],
        [
            1,
            2
        ]
    ]
}