{
    "env_id": 291,
    "times": [
        0.13521194458007812,
        0.2705802917480469,
        0.4101142883300781,
        0.5611467361450195,
        0.6774368286132812,
        0.8046619892120361,
        1.049621343612671,
        1.175950288772583,
        1.3019320964813232,
        1.3019320964813232,
        1.3019320964813232,
        1.3019320964813232,
        1.3019320964813232,
        1.3019320964813232,
        1.3019320964813232,
        1.3019320964813232,
        1.3019320964813232,
        1.3019320964813232,
        1.3019320964813232
    ],
    "wcd_changes": [
        1,
        1,
        1,
        1,
        1,
        1,
        1,
        1,
        1,
        1,
        1,
        1,
        1,
        1,
        1,
        1,
        1,
        1,
        1
    ],
    "budgets": [
        [
            1,
            0
        ],
        [
            2,
            0
        ],
        [
            3,
            0
        ],
        [
            4,
            0
        ],
        [
            5,
            0
        ],
        [
            6,
            0
        ],
        [
            7,
            0
        ],
        [
            8,
            0
        ],
        [
            8,
            0
        ],
        [
            8,
            0
        ],
        [
            8,
            0
        ],
        [
            8,
            0
        ],
        [
            8,
            0
        ],
        [
            8,
            0
        ],
        [
            8,
            0
        ],
        [
            8,
            0
        ],
        [
            8,
            0
        ],
        [
            8,
            0
        ],
        [
            8,
            0
        ]
    ],
    "max_budgets": [
        19
    ],
    "num_changes": [
        [
            1,
            0
        ],
        [
            2,
            0
        ],
        [
            3,
            0
        ],
        [
            4,
            0
        ],
        [
            5,
            0
        ],
        [
            6,
            0
        ],
        [
            7,
            0
        ],
        [
            8,
            0
        ],
        [
            8,
            0
        ],
        [
            8,
            0
        ],
        [
            8,
            0
        ],
        [
            8,
            0
        ],
        [
            8,
            0
        ],
        [
            8,
            0
        ],
        [
            8,
            0
        ],
        [
            8,
            0
        ],
        [
            8,
            0
        ],
        [
            8,
            0
        ],
        [
            8,
            0
        ]
    ]
}