{
    "env_id": 212,
    "times": [
        0.20121383666992188,
        0.3981137275695801,
        0.5708155632019043,
        0.7374098300933838,
        0.7374098300933838,
        0.7374098300933838,
        0.7374098300933838,
        0.7374098300933838,
        0.7374098300933838,
        0.7374098300933838,
        0.7374098300933838,
        0.7374098300933838,
        0.7374098300933838,
        0.7374098300933838,
        0.7374098300933838,
        0.7374098300933838,
        0.7374098300933838,
        0.7374098300933838,
        0.7374098300933838
    ],
    "wcd_changes": [
        5,
        5,
        6,
        6,
        6,
        6,
        6,
        6,
        6,
        6,
        6,
        6,
        6,
        6,
        6,
        6,
        6,
        6,
        6
    ],
    "budgets": [
        [
            1,
            0
        ],
        [
            2,
            0
        ],
        [
            3,
            0
        ],
        [
            4,
            0
        ],
        [
            4,
            0
        ],
        [
            4,
            0
        ],
        [
            4,
            0
        ],
        [
            4,
            0
        ],
        [
            4,
            0
        ],
        [
            4,
            0
        ],
        [
            4,
            0
        ],
        [
            4,
            0
        ],
        [
            4,
            0
        ],
        [
            4,
            0
        ],
        [
            4,
            0
        ],
        [
            4,
            0
        ],
        [
            4,
            0
        ],
        [
            4,
            0
        ],
        [
            4,
            0
        ]
    ],
    "max_budgets": [
        19
    ],
    "num_changes": [
        [
            1,
            0
        ],
        [
            2,
            0
        ],
        [
            3,
            0
        ],
        [
            4,
            0
        ],
        [
            4,
            0
        ],
        [
            4,
            0
        ],
        [
            4,
            0
        ],
        [
            4,
            0
        ],
        [
            4,
            0
        ],
        [
            4,
            0
        ],
        [
            4,
            0
        ],
        [
            4,
            0
        ],
        [
            4,
            0
        ],
        [
            4,
            0
        ],
        [
            4,
            0
        ],
        [
            4,
            0
        ],
        [
            4,
            0
        ],
        [
            4,
            0
        ],
        [
            4,
            0
        ]
    ]
}