{
    "env_id": 1089,
    "times": [
        0.12541937828063965,
        0.2543201446533203,
        0.3722994327545166,
        0.4954662322998047,
        0.6174404621124268,
        0.7423319816589355,
        0.8659441471099854,
        0.9880006313323975,
        1.1236960887908936,
        1.1236960887908936,
        1.1236960887908936,
        1.1236960887908936,
        1.1236960887908936,
        1.1236960887908936,
        1.1236960887908936,
        1.1236960887908936,
        1.1236960887908936,
        1.1236960887908936,
        1.1236960887908936
    ],
    "wcd_changes": [
        5,
        5,
        5,
        5,
        5,
        5,
        5,
        5,
        5,
        5,
        5,
        5,
        5,
        5,
        5,
        5,
        5,
        5,
        5
    ],
    "budgets": [
        [
            1,
            0
        ],
        [
            2,
            0
        ],
        [
            3,
            0
        ],
        [
            4,
            0
        ],
        [
            5,
            0
        ],
        [
            5,
            1
        ],
        [
            5,
            2
        ],
        [
            6,
            2
        ],
        [
            6,
            2
        ],
        [
            6,
            2
        ],
        [
            6,
            2
        ],
        [
            6,
            2
        ],
        [
            6,
            2
        ],
        [
            6,
            2
        ],
        [
            6,
            2
        ],
        [
            6,
            2
        ],
        [
            6,
            2
        ],
        [
            6,
            2
        ],
        [
            6,
            2
        ]
    ],
    "max_budgets": [
        19
    ],
    "num_changes": [
        [
            1,
            0
        ],
        [
            2,
            0
        ],
        [
            3,
            0
        ],
        [
            4,
            0
        ],
        [
            5,
            0
        ],
        [
            5,
            1
        ],
        [
            5,
            2
        ],
        [
            6,
            2
        ],
        [
            6,
            2
        ],
        [
            6,
            2
        ],
        [
            6,
            2
        ],
        [
            6,
            2
        ],
        [
            6,
            2
        ],
        [
            6,
            2
        ],
        [
            6,
            2
        ],
        [
            6,
            2
        ],
        [
            6,
            2
        ],
        [
            6,
            2
        ],
        [
            6,
            2
        ]
    ]
}