{
    "env_id": 1034,
    "times": [
        0.22452282905578613,
        0.45330095291137695,
        0.7030196189880371,
        0.9615921974182129,
        1.217418909072876,
        1.450899362564087,
        1.7626972198486328,
        1.9991891384124756,
        2.2885029315948486,
        2.5323336124420166,
        2.7750089168548584,
        2.9837148189544678,
        2.9837148189544678,
        2.9837148189544678,
        2.9837148189544678,
        2.9837148189544678,
        2.9837148189544678,
        2.9837148189544678,
        2.9837148189544678
    ],
    "wcd_changes": [
        0,
        0,
        0,
        0,
        0,
        0,
        0,
        0,
        0,
        0,
        0,
        0,
        0,
        0,
        0,
        0,
        0,
        0,
        0
    ],
    "budgets": [
        [
            1,
            0
        ],
        [
            0,
            0
        ],
        [
            1,
            0
        ],
        [
            2,
            0
        ],
        [
            3,
            0
        ],
        [
            4,
            0
        ],
        [
            5,
            0
        ],
        [
            6,
            0
        ],
        [
            7,
            0
        ],
        [
            8,
            0
        ],
        [
            9,
            0
        ],
        [
            9,
            0
        ],
        [
            9,
            0
        ],
        [
            9,
            0
        ],
        [
            9,
            0
        ],
        [
            9,
            0
        ],
        [
            9,
            0
        ],
        [
            9,
            0
        ],
        [
            9,
            0
        ]
    ],
    "max_budgets": [
        19
    ],
    "num_changes": [
        [
            1,
            0
        ],
        [
            0,
            0
        ],
        [
            1,
            0
        ],
        [
            2,
            0
        ],
        [
            3,
            0
        ],
        [
            4,
            0
        ],
        [
            5,
            0
        ],
        [
            6,
            0
        ],
        [
            7,
            0
        ],
        [
            8,
            0
        ],
        [
            9,
            0
        ],
        [
            9,
            0
        ],
        [
            9,
            0
        ],
        [
            9,
            0
        ],
        [
            9,
            0
        ],
        [
            9,
            0
        ],
        [
            9,
            0
        ],
        [
            9,
            0
        ],
        [
            9,
            0
        ]
    ]
}