{
    "env_id": 1779,
    "times": [
        0.24165868759155273,
        0.4635288715362549,
        0.5805094242095947,
        0.6905617713928223,
        0.7902212142944336,
        0.7902212142944336,
        0.7902212142944336,
        0.7902212142944336,
        0.7902212142944336,
        0.7902212142944336,
        0.7902212142944336,
        0.7902212142944336,
        0.7902212142944336,
        0.7902212142944336,
        0.7902212142944336,
        0.7902212142944336,
        0.7902212142944336,
        0.7902212142944336,
        0.7902212142944336
    ],
    "wcd_changes": [
        1,
        1,
        4,
        4,
        4,
        4,
        4,
        4,
        4,
        4,
        4,
        4,
        4,
        4,
        4,
        4,
        4,
        4,
        4
    ],
    "budgets": [
        [
            1,
            0
        ],
        [
            2,
            0
        ],
        [
            3,
            0
        ],
        [
            4,
            0
        ],
        [
            5,
            0
        ],
        [
            5,
            0
        ],
        [
            5,
            0
        ],
        [
            5,
            0
        ],
        [
            5,
            0
        ],
        [
            5,
            0
        ],
        [
            5,
            0
        ],
        [
            5,
            0
        ],
        [
            5,
            0
        ],
        [
            5,
            0
        ],
        [
            5,
            0
        ],
        [
            5,
            0
        ],
        [
            5,
            0
        ],
        [
            5,
            0
        ],
        [
            5,
            0
        ]
    ],
    "max_budgets": [
        19
    ],
    "num_changes": [
        [
            1,
            0
        ],
        [
            2,
            0
        ],
        [
            3,
            0
        ],
        [
            4,
            0
        ],
        [
            5,
            0
        ],
        [
            5,
            0
        ],
        [
            5,
            0
        ],
        [
            5,
            0
        ],
        [
            5,
            0
        ],
        [
            5,
            0
        ],
        [
            5,
            0
        ],
        [
            5,
            0
        ],
        [
            5,
            0
        ],
        [
            5,
            0
        ],
        [
            5,
            0
        ],
        [
            5,
            0
        ],
        [
            5,
            0
        ],
        [
            5,
            0
        ],
        [
            5,
            0
        ]
    ]
}