{
    "env_id": 1911,
    "times": [
        0.12042617797851562,
        0.2468869686126709,
        0.3725931644439697,
        0.49819159507751465,
        0.6039073467254639,
        0.7019340991973877,
        0.7019340991973877,
        0.7019340991973877,
        0.7019340991973877,
        0.7019340991973877,
        0.7019340991973877,
        0.7019340991973877,
        0.7019340991973877,
        0.7019340991973877,
        0.7019340991973877,
        0.7019340991973877,
        0.7019340991973877,
        0.7019340991973877,
        0.7019340991973877
    ],
    "wcd_changes": [
        6,
        5,
        4,
        8,
        8,
        8,
        8,
        8,
        8,
        8,
        8,
        8,
        8,
        8,
        8,
        8,
        8,
        8,
        8
    ],
    "budgets": [
        [
            1,
            0
        ],
        [
            2,
            0
        ],
        [
            3,
            0
        ],
        [
            4,
            0
        ],
        [
            5,
            0
        ],
        [
            6,
            0
        ],
        [
            6,
            0
        ],
        [
            6,
            0
        ],
        [
            6,
            0
        ],
        [
            6,
            0
        ],
        [
            6,
            0
        ],
        [
            6,
            0
        ],
        [
            6,
            0
        ],
        [
            6,
            0
        ],
        [
            6,
            0
        ],
        [
            6,
            0
        ],
        [
            6,
            0
        ],
        [
            6,
            0
        ],
        [
            6,
            0
        ]
    ],
    "max_budgets": [
        19
    ],
    "num_changes": [
        [
            1,
            0
        ],
        [
            2,
            0
        ],
        [
            3,
            0
        ],
        [
            4,
            0
        ],
        [
            5,
            0
        ],
        [
            6,
            0
        ],
        [
            6,
            0
        ],
        [
            6,
            0
        ],
        [
            6,
            0
        ],
        [
            6,
            0
        ],
        [
            6,
            0
        ],
        [
            6,
            0
        ],
        [
            6,
            0
        ],
        [
            6,
            0
        ],
        [
            6,
            0
        ],
        [
            6,
            0
        ],
        [
            6,
            0
        ],
        [
            6,
            0
        ],
        [
            6,
            0
        ]
    ]
}