{
    "env_id": 2061,
    "times": [
        0.11055135726928711,
        0.222503662109375,
        0.3562300205230713,
        0.6583864688873291,
        0.963874101638794,
        1.2085866928100586,
        1.3417344093322754,
        1.450319528579712,
        1.6408333778381348,
        1.7657949924468994,
        1.7657949924468994,
        1.7657949924468994,
        1.7657949924468994,
        1.7657949924468994,
        1.7657949924468994,
        1.7657949924468994,
        1.7657949924468994,
        1.7657949924468994,
        1.7657949924468994
    ],
    "wcd_changes": [
        0,
        0,
        1,
        1,
        1,
        1,
        2,
        2,
        2,
        3,
        3,
        3,
        3,
        3,
        3,
        3,
        3,
        3,
        3
    ],
    "budgets": [
        [
            1,
            0
        ],
        [
            2,
            0
        ],
        [
            2,
            1
        ],
        [
            3,
            1
        ],
        [
            4,
            1
        ],
        [
            5,
            1
        ],
        [
            6,
            1
        ],
        [
            7,
            1
        ],
        [
            8,
            1
        ],
        [
            8,
            2
        ],
        [
            8,
            2
        ],
        [
            8,
            2
        ],
        [
            8,
            2
        ],
        [
            8,
            2
        ],
        [
            8,
            2
        ],
        [
            8,
            2
        ],
        [
            8,
            2
        ],
        [
            8,
            2
        ],
        [
            8,
            2
        ]
    ],
    "max_budgets": [
        19
    ],
    "num_changes": [
        [
            1,
            0
        ],
        [
            2,
            0
        ],
        [
            2,
            1
        ],
        [
            3,
            1
        ],
        [
            4,
            1
        ],
        [
            5,
            1
        ],
        [
            6,
            1
        ],
        [
            7,
            1
        ],
        [
            8,
            1
        ],
        [
            8,
            2
        ],
        [
            8,
            2
        ],
        [
            8,
            2
        ],
        [
            8,
            2
        ],
        [
            8,
            2
        ],
        [
            8,
            2
        ],
        [
            8,
            2
        ],
        [
            8,
            2
        ],
        [
            8,
            2
        ],
        [
            8,
            2
        ]
    ]
}