{
    "env_id": 1097,
    "times": [
        0.2521860599517822,
        0.5377635955810547,
        0.5377635955810547,
        0.5377635955810547,
        0.5377635955810547,
        0.5377635955810547,
        0.5377635955810547,
        0.5377635955810547,
        0.5377635955810547,
        0.5377635955810547,
        0.5377635955810547,
        0.5377635955810547,
        0.5377635955810547,
        0.5377635955810547,
        0.5377635955810547,
        0.5377635955810547,
        0.5377635955810547,
        0.5377635955810547,
        0.5377635955810547
    ],
    "wcd_changes": [
        1,
        2,
        2,
        2,
        2,
        2,
        2,
        2,
        2,
        2,
        2,
        2,
        2,
        2,
        2,
        2,
        2,
        2,
        2
    ],
    "budgets": [
        [
            1,
            0
        ],
        [
            2,
            0
        ],
        [
            2,
            0
        ],
        [
            2,
            0
        ],
        [
            2,
            0
        ],
        [
            2,
            0
        ],
        [
            2,
            0
        ],
        [
            2,
            0
        ],
        [
            2,
            0
        ],
        [
            2,
            0
        ],
        [
            2,
            0
        ],
        [
            2,
            0
        ],
        [
            2,
            0
        ],
        [
            2,
            0
        ],
        [
            2,
            0
        ],
        [
            2,
            0
        ],
        [
            2,
            0
        ],
        [
            2,
            0
        ],
        [
            2,
            0
        ]
    ],
    "max_budgets": [
        19
    ],
    "num_changes": [
        [
            1,
            0
        ],
        [
            2,
            0
        ],
        [
            2,
            0
        ],
        [
            2,
            0
        ],
        [
            2,
            0
        ],
        [
            2,
            0
        ],
        [
            2,
            0
        ],
        [
            2,
            0
        ],
        [
            2,
            0
        ],
        [
            2,
            0
        ],
        [
            2,
            0
        ],
        [
            2,
            0
        ],
        [
            2,
            0
        ],
        [
            2,
            0
        ],
        [
            2,
            0
        ],
        [
            2,
            0
        ],
        [
            2,
            0
        ],
        [
            2,
            0
        ],
        [
            2,
            0
        ]
    ]
}