{
    "env_id": 1942,
    "times": [
        0.1909770965576172,
        0.4083518981933594,
        0.6723334789276123,
        0.8924586772918701,
        0.8924586772918701,
        0.8924586772918701,
        0.8924586772918701,
        0.8924586772918701,
        0.8924586772918701,
        0.8924586772918701,
        0.8924586772918701,
        0.8924586772918701,
        0.8924586772918701,
        0.8924586772918701,
        0.8924586772918701,
        0.8924586772918701,
        0.8924586772918701,
        0.8924586772918701,
        0.8924586772918701
    ],
    "wcd_changes": [
        0,
        4,
        4,
        4,
        4,
        4,
        4,
        4,
        4,
        4,
        4,
        4,
        4,
        4,
        4,
        4,
        4,
        4,
        4
    ],
    "budgets": [
        [
            0,
            1
        ],
        [
            1,
            1
        ],
        [
            2,
            1
        ],
        [
            2,
            2
        ],
        [
            2,
            2
        ],
        [
            2,
            2
        ],
        [
            2,
            2
        ],
        [
            2,
            2
        ],
        [
            2,
            2
        ],
        [
            2,
            2
        ],
        [
            2,
            2
        ],
        [
            2,
            2
        ],
        [
            2,
            2
        ],
        [
            2,
            2
        ],
        [
            2,
            2
        ],
        [
            2,
            2
        ],
        [
            2,
            2
        ],
        [
            2,
            2
        ],
        [
            2,
            2
        ]
    ],
    "max_budgets": [
        19
    ],
    "num_changes": [
        [
            0,
            1
        ],
        [
            1,
            1
        ],
        [
            2,
            1
        ],
        [
            2,
            2
        ],
        [
            2,
            2
        ],
        [
            2,
            2
        ],
        [
            2,
            2
        ],
        [
            2,
            2
        ],
        [
            2,
            2
        ],
        [
            2,
            2
        ],
        [
            2,
            2
        ],
        [
            2,
            2
        ],
        [
            2,
            2
        ],
        [
            2,
            2
        ],
        [
            2,
            2
        ],
        [
            2,
            2
        ],
        [
            2,
            2
        ],
        [
            2,
            2
        ],
        [
            2,
            2
        ]
    ]
}