{
    "env_id": 1538,
    "times": [
        0.2990410327911377,
        0.5408313274383545,
        0.7600934505462646,
        1.0431160926818848,
        1.2772090435028076,
        1.5237455368041992,
        1.8268158435821533,
        2.0301432609558105,
        2.283848285675049,
        2.5400235652923584,
        2.7906031608581543,
        3.053037166595459,
        3.3711092472076416,
        3.675793170928955,
        3.9451112747192383,
        4.228329420089722,
        4.537614583969116,
        4.867896318435669,
        4.867896318435669
    ],
    "wcd_changes": [
        -1,
        -2,
        3,
        3,
        3,
        3,
        3,
        3,
        3,
        3,
        3,
        3,
        3,
        3,
        3,
        3,
        3,
        3,
        3
    ],
    "budgets": [
        [
            1,
            0
        ],
        [
            2,
            0
        ],
        [
            2,
            1
        ],
        [
            1,
            1
        ],
        [
            2,
            1
        ],
        [
            2,
            2
        ],
        [
            3,
            2
        ],
        [
            4,
            2
        ],
        [
            5,
            2
        ],
        [
            6,
            2
        ],
        [
            5,
            2
        ],
        [
            6,
            2
        ],
        [
            7,
            2
        ],
        [
            7,
            3
        ],
        [
            7,
            4
        ],
        [
            7,
            5
        ],
        [
            8,
            5
        ],
        [
            9,
            5
        ],
        [
            9,
            5
        ]
    ],
    "max_budgets": [
        19
    ],
    "num_changes": [
        [
            1,
            0
        ],
        [
            2,
            0
        ],
        [
            2,
            1
        ],
        [
            1,
            1
        ],
        [
            2,
            1
        ],
        [
            2,
            2
        ],
        [
            3,
            2
        ],
        [
            4,
            2
        ],
        [
            5,
            2
        ],
        [
            6,
            2
        ],
        [
            5,
            2
        ],
        [
            6,
            2
        ],
        [
            7,
            2
        ],
        [
            7,
            3
        ],
        [
            7,
            4
        ],
        [
            7,
            5
        ],
        [
            8,
            5
        ],
        [
            9,
            5
        ],
        [
            9,
            5
        ]
    ]
}