{
    "env_id": 1977,
    "times": [
        0.19576597213745117,
        0.36820507049560547,
        0.49683356285095215,
        0.6058635711669922,
        0.8404643535614014,
        0.8404643535614014,
        0.8404643535614014,
        0.8404643535614014,
        0.8404643535614014,
        0.8404643535614014,
        0.8404643535614014,
        0.8404643535614014,
        0.8404643535614014,
        0.8404643535614014,
        0.8404643535614014,
        0.8404643535614014,
        0.8404643535614014,
        0.8404643535614014,
        0.8404643535614014
    ],
    "wcd_changes": [
        1,
        3,
        3,
        3,
        4,
        4,
        4,
        4,
        4,
        4,
        4,
        4,
        4,
        4,
        4,
        4,
        4,
        4,
        4
    ],
    "budgets": [
        [
            1,
            0
        ],
        [
            2,
            0
        ],
        [
            3,
            0
        ],
        [
            4,
            0
        ],
        [
            4,
            1
        ],
        [
            4,
            1
        ],
        [
            4,
            1
        ],
        [
            4,
            1
        ],
        [
            4,
            1
        ],
        [
            4,
            1
        ],
        [
            4,
            1
        ],
        [
            4,
            1
        ],
        [
            4,
            1
        ],
        [
            4,
            1
        ],
        [
            4,
            1
        ],
        [
            4,
            1
        ],
        [
            4,
            1
        ],
        [
            4,
            1
        ],
        [
            4,
            1
        ]
    ],
    "max_budgets": [
        19
    ],
    "num_changes": [
        [
            1,
            0
        ],
        [
            2,
            0
        ],
        [
            3,
            0
        ],
        [
            4,
            0
        ],
        [
            4,
            1
        ],
        [
            4,
            1
        ],
        [
            4,
            1
        ],
        [
            4,
            1
        ],
        [
            4,
            1
        ],
        [
            4,
            1
        ],
        [
            4,
            1
        ],
        [
            4,
            1
        ],
        [
            4,
            1
        ],
        [
            4,
            1
        ],
        [
            4,
            1
        ],
        [
            4,
            1
        ],
        [
            4,
            1
        ],
        [
            4,
            1
        ],
        [
            4,
            1
        ]
    ]
}