{
    "env_id": 39,
    "times": [
        0.11545062065124512,
        0.2442781925201416,
        0.2442781925201416,
        0.2442781925201416,
        0.2442781925201416,
        0.2442781925201416,
        0.2442781925201416,
        0.2442781925201416,
        0.2442781925201416,
        0.2442781925201416,
        0.2442781925201416,
        0.2442781925201416,
        0.2442781925201416,
        0.2442781925201416,
        0.2442781925201416,
        0.2442781925201416,
        0.2442781925201416,
        0.2442781925201416,
        0.2442781925201416
    ],
    "wcd_changes": [
        0,
        6,
        6,
        6,
        6,
        6,
        6,
        6,
        6,
        6,
        6,
        6,
        6,
        6,
        6,
        6,
        6,
        6,
        6
    ],
    "budgets": [
        [
            0,
            1
        ],
        [
            0,
            2
        ],
        [
            0,
            2
        ],
        [
            0,
            2
        ],
        [
            0,
            2
        ],
        [
            0,
            2
        ],
        [
            0,
            2
        ],
        [
            0,
            2
        ],
        [
            0,
            2
        ],
        [
            0,
            2
        ],
        [
            0,
            2
        ],
        [
            0,
            2
        ],
        [
            0,
            2
        ],
        [
            0,
            2
        ],
        [
            0,
            2
        ],
        [
            0,
            2
        ],
        [
            0,
            2
        ],
        [
            0,
            2
        ],
        [
            0,
            2
        ]
    ],
    "max_budgets": [
        19
    ],
    "num_changes": [
        [
            0,
            1
        ],
        [
            0,
            2
        ],
        [
            0,
            2
        ],
        [
            0,
            2
        ],
        [
            0,
            2
        ],
        [
            0,
            2
        ],
        [
            0,
            2
        ],
        [
            0,
            2
        ],
        [
            0,
            2
        ],
        [
            0,
            2
        ],
        [
            0,
            2
        ],
        [
            0,
            2
        ],
        [
            0,
            2
        ],
        [
            0,
            2
        ],
        [
            0,
            2
        ],
        [
            0,
            2
        ],
        [
            0,
            2
        ],
        [
            0,
            2
        ],
        [
            0,
            2
        ]
    ]
}