{
    "env_id": 1711,
    "times": [
        0.22278428077697754,
        0.4839513301849365,
        0.6997122764587402,
        0.8667037487030029,
        1.0855941772460938,
        1.3141400814056396,
        1.6375150680541992,
        1.8592033386230469,
        2.1211206912994385,
        2.376253843307495,
        2.663506031036377,
        2.663506031036377,
        2.663506031036377,
        2.663506031036377,
        2.663506031036377,
        2.663506031036377,
        2.663506031036377,
        2.663506031036377,
        2.663506031036377
    ],
    "wcd_changes": [
        0,
        0,
        0,
        0,
        0,
        0,
        0,
        0,
        0,
        0,
        0,
        0,
        0,
        0,
        0,
        0,
        0,
        0,
        0
    ],
    "budgets": [
        [
            1,
            0
        ],
        [
            1,
            1
        ],
        [
            2,
            1
        ],
        [
            2,
            2
        ],
        [
            3,
            2
        ],
        [
            3,
            1
        ],
        [
            3,
            2
        ],
        [
            4,
            2
        ],
        [
            5,
            2
        ],
        [
            6,
            2
        ],
        [
            6,
            2
        ],
        [
            6,
            2
        ],
        [
            6,
            2
        ],
        [
            6,
            2
        ],
        [
            6,
            2
        ],
        [
            6,
            2
        ],
        [
            6,
            2
        ],
        [
            6,
            2
        ],
        [
            6,
            2
        ]
    ],
    "max_budgets": [
        19
    ],
    "num_changes": [
        [
            1,
            0
        ],
        [
            1,
            1
        ],
        [
            2,
            1
        ],
        [
            2,
            2
        ],
        [
            3,
            2
        ],
        [
            3,
            1
        ],
        [
            3,
            2
        ],
        [
            4,
            2
        ],
        [
            5,
            2
        ],
        [
            6,
            2
        ],
        [
            6,
            2
        ],
        [
            6,
            2
        ],
        [
            6,
            2
        ],
        [
            6,
            2
        ],
        [
            6,
            2
        ],
        [
            6,
            2
        ],
        [
            6,
            2
        ],
        [
            6,
            2
        ],
        [
            6,
            2
        ]
    ]
}