{
    "env_id": 1756,
    "times": [
        0.2672553062438965,
        0.5226266384124756,
        0.8122103214263916,
        0.8122103214263916,
        0.8122103214263916,
        0.8122103214263916,
        0.8122103214263916,
        0.8122103214263916,
        0.8122103214263916,
        0.8122103214263916,
        0.8122103214263916,
        0.8122103214263916,
        0.8122103214263916,
        0.8122103214263916,
        0.8122103214263916,
        0.8122103214263916,
        0.8122103214263916,
        0.8122103214263916,
        0.8122103214263916
    ],
    "wcd_changes": [
        7,
        8,
        11,
        11,
        11,
        11,
        11,
        11,
        11,
        11,
        11,
        11,
        11,
        11,
        11,
        11,
        11,
        11,
        11
    ],
    "budgets": [
        [
            0,
            1
        ],
        [
            0,
            2
        ],
        [
            0,
            3
        ],
        [
            0,
            3
        ],
        [
            0,
            3
        ],
        [
            0,
            3
        ],
        [
            0,
            3
        ],
        [
            0,
            3
        ],
        [
            0,
            3
        ],
        [
            0,
            3
        ],
        [
            0,
            3
        ],
        [
            0,
            3
        ],
        [
            0,
            3
        ],
        [
            0,
            3
        ],
        [
            0,
            3
        ],
        [
            0,
            3
        ],
        [
            0,
            3
        ],
        [
            0,
            3
        ],
        [
            0,
            3
        ]
    ],
    "max_budgets": [
        19
    ],
    "num_changes": [
        [
            0,
            1
        ],
        [
            0,
            2
        ],
        [
            0,
            3
        ],
        [
            0,
            3
        ],
        [
            0,
            3
        ],
        [
            0,
            3
        ],
        [
            0,
            3
        ],
        [
            0,
            3
        ],
        [
            0,
            3
        ],
        [
            0,
            3
        ],
        [
            0,
            3
        ],
        [
            0,
            3
        ],
        [
            0,
            3
        ],
        [
            0,
            3
        ],
        [
            0,
            3
        ],
        [
            0,
            3
        ],
        [
            0,
            3
        ],
        [
            0,
            3
        ],
        [
            0,
            3
        ]
    ]
}