{
    "env_id": 1752,
    "times": [
        0.09678936004638672,
        0.19824957847595215,
        0.30341100692749023,
        0.4074404239654541,
        0.514775276184082,
        0.6166918277740479,
        0.7234246730804443,
        0.8280844688415527,
        0.8280844688415527,
        0.8280844688415527,
        0.8280844688415527,
        0.8280844688415527,
        0.8280844688415527,
        0.8280844688415527,
        0.8280844688415527,
        0.8280844688415527,
        0.8280844688415527,
        0.8280844688415527,
        0.8280844688415527
    ],
    "wcd_changes": [
        3,
        4,
        4,
        4,
        4,
        4,
        4,
        4,
        4,
        4,
        4,
        4,
        4,
        4,
        4,
        4,
        4,
        4,
        4
    ],
    "budgets": [
        [
            0,
            1
        ],
        [
            0,
            2
        ],
        [
            1,
            2
        ],
        [
            2,
            2
        ],
        [
            3,
            2
        ],
        [
            3,
            3
        ],
        [
            4,
            3
        ],
        [
            5,
            3
        ],
        [
            5,
            3
        ],
        [
            5,
            3
        ],
        [
            5,
            3
        ],
        [
            5,
            3
        ],
        [
            5,
            3
        ],
        [
            5,
            3
        ],
        [
            5,
            3
        ],
        [
            5,
            3
        ],
        [
            5,
            3
        ],
        [
            5,
            3
        ],
        [
            5,
            3
        ]
    ],
    "max_budgets": [
        19
    ],
    "num_changes": [
        [
            0,
            1
        ],
        [
            0,
            2
        ],
        [
            1,
            2
        ],
        [
            2,
            2
        ],
        [
            3,
            2
        ],
        [
            3,
            3
        ],
        [
            4,
            3
        ],
        [
            5,
            3
        ],
        [
            5,
            3
        ],
        [
            5,
            3
        ],
        [
            5,
            3
        ],
        [
            5,
            3
        ],
        [
            5,
            3
        ],
        [
            5,
            3
        ],
        [
            5,
            3
        ],
        [
            5,
            3
        ],
        [
            5,
            3
        ],
        [
            5,
            3
        ],
        [
            5,
            3
        ]
    ]
}