{
    "env_id": 140,
    "times": [
        0.17931914329528809,
        0.35140323638916016,
        0.52311110496521,
        0.6924242973327637,
        0.8646678924560547,
        1.0372469425201416,
        1.2033686637878418,
        1.3674931526184082,
        1.5311028957366943,
        1.5311028957366943,
        1.5311028957366943,
        1.5311028957366943,
        1.5311028957366943,
        1.5311028957366943,
        1.5311028957366943,
        1.5311028957366943,
        1.5311028957366943,
        1.5311028957366943,
        1.5311028957366943
    ],
    "wcd_changes": [
        0,
        0,
        0,
        0,
        0,
        0,
        0,
        0,
        0,
        0,
        0,
        0,
        0,
        0,
        0,
        0,
        0,
        0,
        0
    ],
    "budgets": [
        [
            1,
            0
        ],
        [
            2,
            0
        ],
        [
            2,
            1
        ],
        [
            3,
            1
        ],
        [
            4,
            1
        ],
        [
            5,
            1
        ],
        [
            5,
            2
        ],
        [
            6,
            2
        ],
        [
            6,
            2
        ],
        [
            6,
            2
        ],
        [
            6,
            2
        ],
        [
            6,
            2
        ],
        [
            6,
            2
        ],
        [
            6,
            2
        ],
        [
            6,
            2
        ],
        [
            6,
            2
        ],
        [
            6,
            2
        ],
        [
            6,
            2
        ],
        [
            6,
            2
        ]
    ],
    "max_budgets": [
        19
    ],
    "num_changes": [
        [
            1,
            0
        ],
        [
            2,
            0
        ],
        [
            2,
            1
        ],
        [
            3,
            1
        ],
        [
            4,
            1
        ],
        [
            5,
            1
        ],
        [
            5,
            2
        ],
        [
            6,
            2
        ],
        [
            6,
            2
        ],
        [
            6,
            2
        ],
        [
            6,
            2
        ],
        [
            6,
            2
        ],
        [
            6,
            2
        ],
        [
            6,
            2
        ],
        [
            6,
            2
        ],
        [
            6,
            2
        ],
        [
            6,
            2
        ],
        [
            6,
            2
        ],
        [
            6,
            2
        ]
    ]
}