{
    "env_id": 1445,
    "times": [
        0.29087257385253906,
        0.583904504776001,
        0.583904504776001,
        0.583904504776001,
        0.583904504776001,
        0.583904504776001,
        0.583904504776001,
        0.583904504776001,
        0.583904504776001,
        0.583904504776001,
        0.583904504776001,
        0.583904504776001,
        0.583904504776001,
        0.583904504776001,
        0.583904504776001,
        0.583904504776001,
        0.583904504776001,
        0.583904504776001,
        0.583904504776001
    ],
    "wcd_changes": [
        3,
        3,
        3,
        3,
        3,
        3,
        3,
        3,
        3,
        3,
        3,
        3,
        3,
        3,
        3,
        3,
        3,
        3,
        3
    ],
    "budgets": [
        [
            1,
            0
        ],
        [
            2,
            0
        ],
        [
            2,
            0
        ],
        [
            2,
            0
        ],
        [
            2,
            0
        ],
        [
            2,
            0
        ],
        [
            2,
            0
        ],
        [
            2,
            0
        ],
        [
            2,
            0
        ],
        [
            2,
            0
        ],
        [
            2,
            0
        ],
        [
            2,
            0
        ],
        [
            2,
            0
        ],
        [
            2,
            0
        ],
        [
            2,
            0
        ],
        [
            2,
            0
        ],
        [
            2,
            0
        ],
        [
            2,
            0
        ],
        [
            2,
            0
        ]
    ],
    "max_budgets": [
        19
    ],
    "num_changes": [
        [
            1,
            0
        ],
        [
            2,
            0
        ],
        [
            2,
            0
        ],
        [
            2,
            0
        ],
        [
            2,
            0
        ],
        [
            2,
            0
        ],
        [
            2,
            0
        ],
        [
            2,
            0
        ],
        [
            2,
            0
        ],
        [
            2,
            0
        ],
        [
            2,
            0
        ],
        [
            2,
            0
        ],
        [
            2,
            0
        ],
        [
            2,
            0
        ],
        [
            2,
            0
        ],
        [
            2,
            0
        ],
        [
            2,
            0
        ],
        [
            2,
            0
        ],
        [
            2,
            0
        ]
    ]
}