{
    "env_id": 202,
    "times": [
        0.20437121391296387,
        0.4086432456970215,
        0.6120526790618896,
        0.7968168258666992,
        0.9890387058258057,
        1.1765193939208984,
        1.360100269317627,
        1.360100269317627,
        1.360100269317627,
        1.360100269317627,
        1.360100269317627,
        1.360100269317627,
        1.360100269317627,
        1.360100269317627,
        1.360100269317627,
        1.360100269317627,
        1.360100269317627,
        1.360100269317627,
        1.360100269317627
    ],
    "wcd_changes": [
        3,
        4,
        5,
        5,
        5,
        2,
        -2,
        -2,
        -2,
        -2,
        -2,
        -2,
        -2,
        -2,
        -2,
        -2,
        -2,
        -2,
        -2
    ],
    "budgets": [
        [
            1,
            0
        ],
        [
            2,
            0
        ],
        [
            3,
            0
        ],
        [
            4,
            0
        ],
        [
            5,
            0
        ],
        [
            6,
            0
        ],
        [
            7,
            0
        ],
        [
            7,
            0
        ],
        [
            7,
            0
        ],
        [
            7,
            0
        ],
        [
            7,
            0
        ],
        [
            7,
            0
        ],
        [
            7,
            0
        ],
        [
            7,
            0
        ],
        [
            7,
            0
        ],
        [
            7,
            0
        ],
        [
            7,
            0
        ],
        [
            7,
            0
        ],
        [
            7,
            0
        ]
    ],
    "max_budgets": [
        19
    ],
    "num_changes": [
        [
            1,
            0
        ],
        [
            2,
            0
        ],
        [
            3,
            0
        ],
        [
            4,
            0
        ],
        [
            5,
            0
        ],
        [
            6,
            0
        ],
        [
            7,
            0
        ],
        [
            7,
            0
        ],
        [
            7,
            0
        ],
        [
            7,
            0
        ],
        [
            7,
            0
        ],
        [
            7,
            0
        ],
        [
            7,
            0
        ],
        [
            7,
            0
        ],
        [
            7,
            0
        ],
        [
            7,
            0
        ],
        [
            7,
            0
        ],
        [
            7,
            0
        ],
        [
            7,
            0
        ]
    ]
}