{
    "env_id": 1212,
    "times": [
        0.12383008003234863,
        0.255051851272583,
        0.4135878086090088,
        0.630124568939209,
        0.7645382881164551,
        0.89497971534729,
        1.0139102935791016,
        1.1780757904052734,
        1.2980711460113525,
        1.4387764930725098,
        1.5581493377685547,
        1.7194442749023438,
        1.8504865169525146,
        1.981571912765503,
        2.1153862476348877,
        2.248905897140503,
        2.3804984092712402,
        2.6270720958709717,
        2.7527334690093994
    ],
    "wcd_changes": [
        2,
        2,
        2,
        2,
        2,
        2,
        2,
        0,
        0,
        0,
        0,
        0,
        0,
        0,
        0,
        0,
        0,
        0,
        0
    ],
    "budgets": [
        [
            0,
            1
        ],
        [
            1,
            1
        ],
        [
            2,
            1
        ],
        [
            3,
            1
        ],
        [
            4,
            1
        ],
        [
            5,
            1
        ],
        [
            6,
            1
        ],
        [
            6,
            0
        ],
        [
            6,
            1
        ],
        [
            7,
            1
        ],
        [
            8,
            1
        ],
        [
            7,
            1
        ],
        [
            6,
            1
        ],
        [
            5,
            1
        ],
        [
            4,
            1
        ],
        [
            5,
            1
        ],
        [
            5,
            2
        ],
        [
            6,
            2
        ],
        [
            5,
            2
        ]
    ],
    "max_budgets": [
        19
    ],
    "num_changes": [
        [
            0,
            1
        ],
        [
            1,
            1
        ],
        [
            2,
            1
        ],
        [
            3,
            1
        ],
        [
            4,
            1
        ],
        [
            5,
            1
        ],
        [
            6,
            1
        ],
        [
            6,
            0
        ],
        [
            6,
            1
        ],
        [
            7,
            1
        ],
        [
            8,
            1
        ],
        [
            7,
            1
        ],
        [
            6,
            1
        ],
        [
            5,
            1
        ],
        [
            4,
            1
        ],
        [
            5,
            1
        ],
        [
            5,
            2
        ],
        [
            6,
            2
        ],
        [
            5,
            2
        ]
    ]
}