{
    "env_id": 737,
    "times": [
        0.21558380126953125,
        0.44188356399536133,
        0.7133781909942627,
        0.7133781909942627,
        0.7133781909942627,
        0.7133781909942627,
        0.7133781909942627,
        0.7133781909942627,
        0.7133781909942627,
        0.7133781909942627,
        0.7133781909942627,
        0.7133781909942627,
        0.7133781909942627,
        0.7133781909942627,
        0.7133781909942627,
        0.7133781909942627,
        0.7133781909942627,
        0.7133781909942627,
        0.7133781909942627
    ],
    "wcd_changes": [
        4,
        5,
        5,
        5,
        5,
        5,
        5,
        5,
        5,
        5,
        5,
        5,
        5,
        5,
        5,
        5,
        5,
        5,
        5
    ],
    "budgets": [
        [
            0,
            1
        ],
        [
            0,
            2
        ],
        [
            1,
            2
        ],
        [
            1,
            2
        ],
        [
            1,
            2
        ],
        [
            1,
            2
        ],
        [
            1,
            2
        ],
        [
            1,
            2
        ],
        [
            1,
            2
        ],
        [
            1,
            2
        ],
        [
            1,
            2
        ],
        [
            1,
            2
        ],
        [
            1,
            2
        ],
        [
            1,
            2
        ],
        [
            1,
            2
        ],
        [
            1,
            2
        ],
        [
            1,
            2
        ],
        [
            1,
            2
        ],
        [
            1,
            2
        ]
    ],
    "max_budgets": [
        19
    ],
    "num_changes": [
        [
            0,
            1
        ],
        [
            0,
            2
        ],
        [
            1,
            2
        ],
        [
            1,
            2
        ],
        [
            1,
            2
        ],
        [
            1,
            2
        ],
        [
            1,
            2
        ],
        [
            1,
            2
        ],
        [
            1,
            2
        ],
        [
            1,
            2
        ],
        [
            1,
            2
        ],
        [
            1,
            2
        ],
        [
            1,
            2
        ],
        [
            1,
            2
        ],
        [
            1,
            2
        ],
        [
            1,
            2
        ],
        [
            1,
            2
        ],
        [
            1,
            2
        ],
        [
            1,
            2
        ]
    ]
}