{
    "env_id": 450,
    "times": [
        0.13169002532958984,
        0.2548997402191162,
        0.3823542594909668,
        0.5139222145080566,
        0.637709379196167,
        0.637709379196167,
        0.637709379196167,
        0.637709379196167,
        0.637709379196167,
        0.637709379196167,
        0.637709379196167,
        0.637709379196167,
        0.637709379196167,
        0.637709379196167,
        0.637709379196167,
        0.637709379196167,
        0.637709379196167,
        0.637709379196167,
        0.637709379196167
    ],
    "wcd_changes": [
        4,
        7,
        7,
        7,
        7,
        7,
        7,
        7,
        7,
        7,
        7,
        7,
        7,
        7,
        7,
        7,
        7,
        7,
        7
    ],
    "budgets": [
        [
            0,
            1
        ],
        [
            1,
            1
        ],
        [
            2,
            1
        ],
        [
            3,
            1
        ],
        [
            4,
            1
        ],
        [
            4,
            1
        ],
        [
            4,
            1
        ],
        [
            4,
            1
        ],
        [
            4,
            1
        ],
        [
            4,
            1
        ],
        [
            4,
            1
        ],
        [
            4,
            1
        ],
        [
            4,
            1
        ],
        [
            4,
            1
        ],
        [
            4,
            1
        ],
        [
            4,
            1
        ],
        [
            4,
            1
        ],
        [
            4,
            1
        ],
        [
            4,
            1
        ]
    ],
    "max_budgets": [
        19
    ],
    "num_changes": [
        [
            0,
            1
        ],
        [
            1,
            1
        ],
        [
            2,
            1
        ],
        [
            3,
            1
        ],
        [
            4,
            1
        ],
        [
            4,
            1
        ],
        [
            4,
            1
        ],
        [
            4,
            1
        ],
        [
            4,
            1
        ],
        [
            4,
            1
        ],
        [
            4,
            1
        ],
        [
            4,
            1
        ],
        [
            4,
            1
        ],
        [
            4,
            1
        ],
        [
            4,
            1
        ],
        [
            4,
            1
        ],
        [
            4,
            1
        ],
        [
            4,
            1
        ],
        [
            4,
            1
        ]
    ]
}