{
    "env_id": 1298,
    "times": [
        0.34921908378601074,
        0.7746057510375977,
        1.0789058208465576,
        1.3916599750518799,
        1.6550791263580322,
        1.9442696571350098,
        2.301565647125244,
        2.6971893310546875,
        3.1014456748962402,
        3.4106051921844482,
        3.7523391246795654,
        3.7523391246795654,
        3.7523391246795654,
        3.7523391246795654,
        3.7523391246795654,
        3.7523391246795654,
        3.7523391246795654,
        3.7523391246795654,
        3.7523391246795654
    ],
    "wcd_changes": [
        0,
        0,
        0,
        0,
        0,
        0,
        0,
        0,
        0,
        0,
        0,
        0,
        0,
        0,
        0,
        0,
        0,
        0,
        0
    ],
    "budgets": [
        [
            1,
            0
        ],
        [
            2,
            0
        ],
        [
            3,
            0
        ],
        [
            4,
            0
        ],
        [
            5,
            0
        ],
        [
            6,
            0
        ],
        [
            7,
            0
        ],
        [
            8,
            0
        ],
        [
            9,
            0
        ],
        [
            10,
            0
        ],
        [
            10,
            0
        ],
        [
            10,
            0
        ],
        [
            10,
            0
        ],
        [
            10,
            0
        ],
        [
            10,
            0
        ],
        [
            10,
            0
        ],
        [
            10,
            0
        ],
        [
            10,
            0
        ],
        [
            10,
            0
        ]
    ],
    "max_budgets": [
        19
    ],
    "num_changes": [
        [
            1,
            0
        ],
        [
            2,
            0
        ],
        [
            3,
            0
        ],
        [
            4,
            0
        ],
        [
            5,
            0
        ],
        [
            6,
            0
        ],
        [
            7,
            0
        ],
        [
            8,
            0
        ],
        [
            9,
            0
        ],
        [
            10,
            0
        ],
        [
            10,
            0
        ],
        [
            10,
            0
        ],
        [
            10,
            0
        ],
        [
            10,
            0
        ],
        [
            10,
            0
        ],
        [
            10,
            0
        ],
        [
            10,
            0
        ],
        [
            10,
            0
        ],
        [
            10,
            0
        ]
    ]
}