{
    "env_id": 1168,
    "times": [
        0.2553861141204834,
        0.5176060199737549,
        0.8022894859313965,
        1.0102744102478027,
        1.251838207244873,
        1.5032103061676025,
        1.7618718147277832,
        1.7618718147277832,
        1.7618718147277832,
        1.7618718147277832,
        1.7618718147277832,
        1.7618718147277832,
        1.7618718147277832,
        1.7618718147277832,
        1.7618718147277832,
        1.7618718147277832,
        1.7618718147277832,
        1.7618718147277832,
        1.7618718147277832
    ],
    "wcd_changes": [
        6,
        6,
        6,
        6,
        6,
        6,
        8,
        8,
        8,
        8,
        8,
        8,
        8,
        8,
        8,
        8,
        8,
        8,
        8
    ],
    "budgets": [
        [
            0,
            1
        ],
        [
            0,
            2
        ],
        [
            1,
            2
        ],
        [
            2,
            2
        ],
        [
            3,
            2
        ],
        [
            3,
            3
        ],
        [
            4,
            3
        ],
        [
            4,
            3
        ],
        [
            4,
            3
        ],
        [
            4,
            3
        ],
        [
            4,
            3
        ],
        [
            4,
            3
        ],
        [
            4,
            3
        ],
        [
            4,
            3
        ],
        [
            4,
            3
        ],
        [
            4,
            3
        ],
        [
            4,
            3
        ],
        [
            4,
            3
        ],
        [
            4,
            3
        ]
    ],
    "max_budgets": [
        19
    ],
    "num_changes": [
        [
            0,
            1
        ],
        [
            0,
            2
        ],
        [
            1,
            2
        ],
        [
            2,
            2
        ],
        [
            3,
            2
        ],
        [
            3,
            3
        ],
        [
            4,
            3
        ],
        [
            4,
            3
        ],
        [
            4,
            3
        ],
        [
            4,
            3
        ],
        [
            4,
            3
        ],
        [
            4,
            3
        ],
        [
            4,
            3
        ],
        [
            4,
            3
        ],
        [
            4,
            3
        ],
        [
            4,
            3
        ],
        [
            4,
            3
        ],
        [
            4,
            3
        ],
        [
            4,
            3
        ]
    ]
}