{
    "env_id": 1494,
    "times": [
        0.30617189407348633,
        0.4466102123260498,
        0.5606396198272705,
        0.6966867446899414,
        0.8453831672668457,
        0.8453831672668457,
        0.8453831672668457,
        0.8453831672668457,
        0.8453831672668457,
        0.8453831672668457,
        0.8453831672668457,
        0.8453831672668457,
        0.8453831672668457,
        0.8453831672668457,
        0.8453831672668457,
        0.8453831672668457,
        0.8453831672668457,
        0.8453831672668457,
        0.8453831672668457
    ],
    "wcd_changes": [
        2,
        -3,
        -3,
        -3,
        3,
        3,
        3,
        3,
        3,
        3,
        3,
        3,
        3,
        3,
        3,
        3,
        3,
        3,
        3
    ],
    "budgets": [
        [
            1,
            0
        ],
        [
            2,
            0
        ],
        [
            2,
            1
        ],
        [
            2,
            2
        ],
        [
            3,
            2
        ],
        [
            3,
            2
        ],
        [
            3,
            2
        ],
        [
            3,
            2
        ],
        [
            3,
            2
        ],
        [
            3,
            2
        ],
        [
            3,
            2
        ],
        [
            3,
            2
        ],
        [
            3,
            2
        ],
        [
            3,
            2
        ],
        [
            3,
            2
        ],
        [
            3,
            2
        ],
        [
            3,
            2
        ],
        [
            3,
            2
        ],
        [
            3,
            2
        ]
    ],
    "max_budgets": [
        19
    ],
    "num_changes": [
        [
            1,
            0
        ],
        [
            2,
            0
        ],
        [
            2,
            1
        ],
        [
            2,
            2
        ],
        [
            3,
            2
        ],
        [
            3,
            2
        ],
        [
            3,
            2
        ],
        [
            3,
            2
        ],
        [
            3,
            2
        ],
        [
            3,
            2
        ],
        [
            3,
            2
        ],
        [
            3,
            2
        ],
        [
            3,
            2
        ],
        [
            3,
            2
        ],
        [
            3,
            2
        ],
        [
            3,
            2
        ],
        [
            3,
            2
        ],
        [
            3,
            2
        ],
        [
            3,
            2
        ]
    ]
}