{
    "env_id": 1456,
    "times": [
        0.2042837142944336,
        0.4153172969818115,
        0.6321041584014893,
        0.8485071659088135,
        1.0543220043182373,
        1.2346851825714111,
        1.2346851825714111,
        1.2346851825714111,
        1.2346851825714111,
        1.2346851825714111,
        1.2346851825714111,
        1.2346851825714111,
        1.2346851825714111,
        1.2346851825714111,
        1.2346851825714111,
        1.2346851825714111,
        1.2346851825714111,
        1.2346851825714111,
        1.2346851825714111
    ],
    "wcd_changes": [
        2,
        2,
        2,
        2,
        2,
        2,
        2,
        2,
        2,
        2,
        2,
        2,
        2,
        2,
        2,
        2,
        2,
        2,
        2
    ],
    "budgets": [
        [
            1,
            0
        ],
        [
            2,
            0
        ],
        [
            3,
            0
        ],
        [
            4,
            0
        ],
        [
            5,
            0
        ],
        [
            6,
            0
        ],
        [
            6,
            0
        ],
        [
            6,
            0
        ],
        [
            6,
            0
        ],
        [
            6,
            0
        ],
        [
            6,
            0
        ],
        [
            6,
            0
        ],
        [
            6,
            0
        ],
        [
            6,
            0
        ],
        [
            6,
            0
        ],
        [
            6,
            0
        ],
        [
            6,
            0
        ],
        [
            6,
            0
        ],
        [
            6,
            0
        ]
    ],
    "max_budgets": [
        19
    ],
    "num_changes": [
        [
            1,
            0
        ],
        [
            2,
            0
        ],
        [
            3,
            0
        ],
        [
            4,
            0
        ],
        [
            5,
            0
        ],
        [
            6,
            0
        ],
        [
            6,
            0
        ],
        [
            6,
            0
        ],
        [
            6,
            0
        ],
        [
            6,
            0
        ],
        [
            6,
            0
        ],
        [
            6,
            0
        ],
        [
            6,
            0
        ],
        [
            6,
            0
        ],
        [
            6,
            0
        ],
        [
            6,
            0
        ],
        [
            6,
            0
        ],
        [
            6,
            0
        ],
        [
            6,
            0
        ]
    ]
}