{
    "env_id": 45,
    "times": [
        0.14125776290893555,
        0.27709531784057617,
        0.39701223373413086,
        0.5114834308624268,
        0.6185462474822998,
        0.739495038986206,
        0.8629777431488037,
        0.9997878074645996,
        0.9997878074645996,
        0.9997878074645996,
        0.9997878074645996,
        0.9997878074645996,
        0.9997878074645996,
        0.9997878074645996,
        0.9997878074645996,
        0.9997878074645996,
        0.9997878074645996,
        0.9997878074645996,
        0.9997878074645996
    ],
    "wcd_changes": [
        0,
        1,
        4,
        4,
        4,
        4,
        4,
        4,
        4,
        4,
        4,
        4,
        4,
        4,
        4,
        4,
        4,
        4,
        4
    ],
    "budgets": [
        [
            1,
            0
        ],
        [
            2,
            0
        ],
        [
            2,
            1
        ],
        [
            2,
            2
        ],
        [
            3,
            2
        ],
        [
            3,
            3
        ],
        [
            4,
            3
        ],
        [
            4,
            3
        ],
        [
            4,
            3
        ],
        [
            4,
            3
        ],
        [
            4,
            3
        ],
        [
            4,
            3
        ],
        [
            4,
            3
        ],
        [
            4,
            3
        ],
        [
            4,
            3
        ],
        [
            4,
            3
        ],
        [
            4,
            3
        ],
        [
            4,
            3
        ],
        [
            4,
            3
        ]
    ],
    "max_budgets": [
        19
    ],
    "num_changes": [
        [
            1,
            0
        ],
        [
            2,
            0
        ],
        [
            2,
            1
        ],
        [
            2,
            2
        ],
        [
            3,
            2
        ],
        [
            3,
            3
        ],
        [
            4,
            3
        ],
        [
            4,
            3
        ],
        [
            4,
            3
        ],
        [
            4,
            3
        ],
        [
            4,
            3
        ],
        [
            4,
            3
        ],
        [
            4,
            3
        ],
        [
            4,
            3
        ],
        [
            4,
            3
        ],
        [
            4,
            3
        ],
        [
            4,
            3
        ],
        [
            4,
            3
        ],
        [
            4,
            3
        ]
    ]
}