{
    "env_id": 756,
    "times": [
        0.13014936447143555,
        0.2654705047607422,
        0.4071986675262451,
        0.4071986675262451,
        0.4071986675262451,
        0.4071986675262451,
        0.4071986675262451,
        0.4071986675262451,
        0.4071986675262451,
        0.4071986675262451,
        0.4071986675262451,
        0.4071986675262451,
        0.4071986675262451,
        0.4071986675262451,
        0.4071986675262451,
        0.4071986675262451,
        0.4071986675262451,
        0.4071986675262451,
        0.4071986675262451
    ],
    "wcd_changes": [
        6,
        6,
        5,
        5,
        5,
        5,
        5,
        5,
        5,
        5,
        5,
        5,
        5,
        5,
        5,
        5,
        5,
        5,
        5
    ],
    "budgets": [
        [
            0,
            1
        ],
        [
            1,
            1
        ],
        [
            2,
            1
        ],
        [
            2,
            1
        ],
        [
            2,
            1
        ],
        [
            2,
            1
        ],
        [
            2,
            1
        ],
        [
            2,
            1
        ],
        [
            2,
            1
        ],
        [
            2,
            1
        ],
        [
            2,
            1
        ],
        [
            2,
            1
        ],
        [
            2,
            1
        ],
        [
            2,
            1
        ],
        [
            2,
            1
        ],
        [
            2,
            1
        ],
        [
            2,
            1
        ],
        [
            2,
            1
        ],
        [
            2,
            1
        ]
    ],
    "max_budgets": [
        19
    ],
    "num_changes": [
        [
            0,
            1
        ],
        [
            1,
            1
        ],
        [
            2,
            1
        ],
        [
            2,
            1
        ],
        [
            2,
            1
        ],
        [
            2,
            1
        ],
        [
            2,
            1
        ],
        [
            2,
            1
        ],
        [
            2,
            1
        ],
        [
            2,
            1
        ],
        [
            2,
            1
        ],
        [
            2,
            1
        ],
        [
            2,
            1
        ],
        [
            2,
            1
        ],
        [
            2,
            1
        ],
        [
            2,
            1
        ],
        [
            2,
            1
        ],
        [
            2,
            1
        ],
        [
            2,
            1
        ]
    ]
}