{
    "env_id": 1627,
    "times": [
        0.2669258117675781,
        0.5123031139373779,
        0.7644762992858887,
        1.0789647102355957,
        1.2849235534667969,
        1.4978840351104736,
        1.6618061065673828,
        1.6618061065673828,
        1.6618061065673828,
        1.6618061065673828,
        1.6618061065673828,
        1.6618061065673828,
        1.6618061065673828,
        1.6618061065673828,
        1.6618061065673828,
        1.6618061065673828,
        1.6618061065673828,
        1.6618061065673828,
        1.6618061065673828
    ],
    "wcd_changes": [
        -3,
        3,
        3,
        7,
        7,
        7,
        7,
        7,
        7,
        7,
        7,
        7,
        7,
        7,
        7,
        7,
        7,
        7,
        7
    ],
    "budgets": [
        [
            1,
            0
        ],
        [
            2,
            0
        ],
        [
            2,
            1
        ],
        [
            3,
            1
        ],
        [
            4,
            1
        ],
        [
            5,
            1
        ],
        [
            5,
            2
        ],
        [
            5,
            2
        ],
        [
            5,
            2
        ],
        [
            5,
            2
        ],
        [
            5,
            2
        ],
        [
            5,
            2
        ],
        [
            5,
            2
        ],
        [
            5,
            2
        ],
        [
            5,
            2
        ],
        [
            5,
            2
        ],
        [
            5,
            2
        ],
        [
            5,
            2
        ],
        [
            5,
            2
        ]
    ],
    "max_budgets": [
        19
    ],
    "num_changes": [
        [
            1,
            0
        ],
        [
            2,
            0
        ],
        [
            2,
            1
        ],
        [
            3,
            1
        ],
        [
            4,
            1
        ],
        [
            5,
            1
        ],
        [
            5,
            2
        ],
        [
            5,
            2
        ],
        [
            5,
            2
        ],
        [
            5,
            2
        ],
        [
            5,
            2
        ],
        [
            5,
            2
        ],
        [
            5,
            2
        ],
        [
            5,
            2
        ],
        [
            5,
            2
        ],
        [
            5,
            2
        ],
        [
            5,
            2
        ],
        [
            5,
            2
        ],
        [
            5,
            2
        ]
    ]
}