{
    "env_id": 1364,
    "times": [
        0.27007532119750977,
        0.27007532119750977,
        0.27007532119750977,
        0.27007532119750977,
        0.27007532119750977,
        0.27007532119750977,
        0.27007532119750977,
        0.27007532119750977,
        0.27007532119750977,
        0.27007532119750977,
        0.27007532119750977,
        0.27007532119750977,
        0.27007532119750977,
        0.27007532119750977,
        0.27007532119750977,
        0.27007532119750977,
        0.27007532119750977,
        0.27007532119750977,
        0.27007532119750977
    ],
    "wcd_changes": [
        0,
        0,
        0,
        0,
        0,
        0,
        0,
        0,
        0,
        0,
        0,
        0,
        0,
        0,
        0,
        0,
        0,
        0,
        0
    ],
    "budgets": [
        [
            1,
            0
        ],
        [
            1,
            0
        ],
        [
            1,
            0
        ],
        [
            1,
            0
        ],
        [
            1,
            0
        ],
        [
            1,
            0
        ],
        [
            1,
            0
        ],
        [
            1,
            0
        ],
        [
            1,
            0
        ],
        [
            1,
            0
        ],
        [
            1,
            0
        ],
        [
            1,
            0
        ],
        [
            1,
            0
        ],
        [
            1,
            0
        ],
        [
            1,
            0
        ],
        [
            1,
            0
        ],
        [
            1,
            0
        ],
        [
            1,
            0
        ],
        [
            1,
            0
        ]
    ],
    "max_budgets": [
        19
    ],
    "num_changes": [
        [
            1,
            0
        ],
        [
            1,
            0
        ],
        [
            1,
            0
        ],
        [
            1,
            0
        ],
        [
            1,
            0
        ],
        [
            1,
            0
        ],
        [
            1,
            0
        ],
        [
            1,
            0
        ],
        [
            1,
            0
        ],
        [
            1,
            0
        ],
        [
            1,
            0
        ],
        [
            1,
            0
        ],
        [
            1,
            0
        ],
        [
            1,
            0
        ],
        [
            1,
            0
        ],
        [
            1,
            0
        ],
        [
            1,
            0
        ],
        [
            1,
            0
        ],
        [
            1,
            0
        ]
    ]
}