{
    "env_id": 2106,
    "times": [
        0.2486720085144043,
        0.38002562522888184,
        0.5108156204223633,
        0.6412715911865234,
        0.7715246677398682,
        0.8960773944854736,
        0.8960773944854736,
        0.8960773944854736,
        0.8960773944854736,
        0.8960773944854736,
        0.8960773944854736,
        0.8960773944854736,
        0.8960773944854736,
        0.8960773944854736,
        0.8960773944854736,
        0.8960773944854736,
        0.8960773944854736,
        0.8960773944854736,
        0.8960773944854736
    ],
    "wcd_changes": [
        3,
        3,
        3,
        3,
        3,
        3,
        3,
        3,
        3,
        3,
        3,
        3,
        3,
        3,
        3,
        3,
        3,
        3,
        3
    ],
    "budgets": [
        [
            1,
            0
        ],
        [
            2,
            0
        ],
        [
            2,
            1
        ],
        [
            3,
            1
        ],
        [
            4,
            1
        ],
        [
            5,
            1
        ],
        [
            5,
            1
        ],
        [
            5,
            1
        ],
        [
            5,
            1
        ],
        [
            5,
            1
        ],
        [
            5,
            1
        ],
        [
            5,
            1
        ],
        [
            5,
            1
        ],
        [
            5,
            1
        ],
        [
            5,
            1
        ],
        [
            5,
            1
        ],
        [
            5,
            1
        ],
        [
            5,
            1
        ],
        [
            5,
            1
        ]
    ],
    "max_budgets": [
        19
    ],
    "num_changes": [
        [
            1,
            0
        ],
        [
            2,
            0
        ],
        [
            2,
            1
        ],
        [
            3,
            1
        ],
        [
            4,
            1
        ],
        [
            5,
            1
        ],
        [
            5,
            1
        ],
        [
            5,
            1
        ],
        [
            5,
            1
        ],
        [
            5,
            1
        ],
        [
            5,
            1
        ],
        [
            5,
            1
        ],
        [
            5,
            1
        ],
        [
            5,
            1
        ],
        [
            5,
            1
        ],
        [
            5,
            1
        ],
        [
            5,
            1
        ],
        [
            5,
            1
        ],
        [
            5,
            1
        ]
    ]
}