{
    "env_id": 1567,
    "times": [
        0.20472002029418945,
        0.43683314323425293,
        0.7622458934783936,
        0.7622458934783936,
        0.7622458934783936,
        0.7622458934783936,
        0.7622458934783936,
        0.7622458934783936,
        0.7622458934783936,
        0.7622458934783936,
        0.7622458934783936,
        0.7622458934783936,
        0.7622458934783936,
        0.7622458934783936,
        0.7622458934783936,
        0.7622458934783936,
        0.7622458934783936,
        0.7622458934783936,
        0.7622458934783936
    ],
    "wcd_changes": [
        1,
        1,
        3,
        3,
        3,
        3,
        3,
        3,
        3,
        3,
        3,
        3,
        3,
        3,
        3,
        3,
        3,
        3,
        3
    ],
    "budgets": [
        [
            0,
            1
        ],
        [
            0,
            2
        ],
        [
            1,
            2
        ],
        [
            1,
            2
        ],
        [
            1,
            2
        ],
        [
            1,
            2
        ],
        [
            1,
            2
        ],
        [
            1,
            2
        ],
        [
            1,
            2
        ],
        [
            1,
            2
        ],
        [
            1,
            2
        ],
        [
            1,
            2
        ],
        [
            1,
            2
        ],
        [
            1,
            2
        ],
        [
            1,
            2
        ],
        [
            1,
            2
        ],
        [
            1,
            2
        ],
        [
            1,
            2
        ],
        [
            1,
            2
        ]
    ],
    "max_budgets": [
        19
    ],
    "num_changes": [
        [
            0,
            1
        ],
        [
            0,
            2
        ],
        [
            1,
            2
        ],
        [
            1,
            2
        ],
        [
            1,
            2
        ],
        [
            1,
            2
        ],
        [
            1,
            2
        ],
        [
            1,
            2
        ],
        [
            1,
            2
        ],
        [
            1,
            2
        ],
        [
            1,
            2
        ],
        [
            1,
            2
        ],
        [
            1,
            2
        ],
        [
            1,
            2
        ],
        [
            1,
            2
        ],
        [
            1,
            2
        ],
        [
            1,
            2
        ],
        [
            1,
            2
        ],
        [
            1,
            2
        ]
    ]
}