{
    "env_id": 559,
    "times": [
        0.2507514953613281,
        0.4797072410583496,
        0.7185623645782471,
        0.9763200283050537,
        1.2375013828277588,
        1.2375013828277588,
        1.2375013828277588,
        1.2375013828277588,
        1.2375013828277588,
        1.2375013828277588,
        1.2375013828277588,
        1.2375013828277588,
        1.2375013828277588,
        1.2375013828277588,
        1.2375013828277588,
        1.2375013828277588,
        1.2375013828277588,
        1.2375013828277588,
        1.2375013828277588
    ],
    "wcd_changes": [
        1,
        0,
        3,
        3,
        3,
        3,
        3,
        3,
        3,
        3,
        3,
        3,
        3,
        3,
        3,
        3,
        3,
        3,
        3
    ],
    "budgets": [
        [
            1,
            0
        ],
        [
            2,
            0
        ],
        [
            3,
            0
        ],
        [
            4,
            0
        ],
        [
            4,
            1
        ],
        [
            4,
            1
        ],
        [
            4,
            1
        ],
        [
            4,
            1
        ],
        [
            4,
            1
        ],
        [
            4,
            1
        ],
        [
            4,
            1
        ],
        [
            4,
            1
        ],
        [
            4,
            1
        ],
        [
            4,
            1
        ],
        [
            4,
            1
        ],
        [
            4,
            1
        ],
        [
            4,
            1
        ],
        [
            4,
            1
        ],
        [
            4,
            1
        ]
    ],
    "max_budgets": [
        19
    ],
    "num_changes": [
        [
            1,
            0
        ],
        [
            2,
            0
        ],
        [
            3,
            0
        ],
        [
            4,
            0
        ],
        [
            4,
            1
        ],
        [
            4,
            1
        ],
        [
            4,
            1
        ],
        [
            4,
            1
        ],
        [
            4,
            1
        ],
        [
            4,
            1
        ],
        [
            4,
            1
        ],
        [
            4,
            1
        ],
        [
            4,
            1
        ],
        [
            4,
            1
        ],
        [
            4,
            1
        ],
        [
            4,
            1
        ],
        [
            4,
            1
        ],
        [
            4,
            1
        ],
        [
            4,
            1
        ]
    ]
}