{
    "env_id": 1190,
    "times": [
        0.20619702339172363,
        0.38832640647888184,
        0.5701148509979248,
        0.7727363109588623,
        0.9751806259155273,
        1.1737539768218994,
        1.3810069561004639,
        1.5782833099365234,
        1.7707645893096924,
        1.9557299613952637,
        2.177724599838257,
        2.4003500938415527,
        2.5731375217437744,
        2.5731375217437744,
        2.5731375217437744,
        2.5731375217437744,
        2.5731375217437744,
        2.5731375217437744,
        2.5731375217437744
    ],
    "wcd_changes": [
        7,
        7,
        7,
        7,
        7,
        7,
        7,
        7,
        7,
        7,
        7,
        7,
        7,
        7,
        7,
        7,
        7,
        7,
        7
    ],
    "budgets": [
        [
            0,
            1
        ],
        [
            0,
            2
        ],
        [
            1,
            2
        ],
        [
            2,
            2
        ],
        [
            3,
            2
        ],
        [
            4,
            2
        ],
        [
            5,
            2
        ],
        [
            6,
            2
        ],
        [
            7,
            2
        ],
        [
            8,
            2
        ],
        [
            8,
            3
        ],
        [
            9,
            3
        ],
        [
            9,
            3
        ],
        [
            9,
            3
        ],
        [
            9,
            3
        ],
        [
            9,
            3
        ],
        [
            9,
            3
        ],
        [
            9,
            3
        ],
        [
            9,
            3
        ]
    ],
    "max_budgets": [
        19
    ],
    "num_changes": [
        [
            0,
            1
        ],
        [
            0,
            2
        ],
        [
            1,
            2
        ],
        [
            2,
            2
        ],
        [
            3,
            2
        ],
        [
            4,
            2
        ],
        [
            5,
            2
        ],
        [
            6,
            2
        ],
        [
            7,
            2
        ],
        [
            8,
            2
        ],
        [
            8,
            3
        ],
        [
            9,
            3
        ],
        [
            9,
            3
        ],
        [
            9,
            3
        ],
        [
            9,
            3
        ],
        [
            9,
            3
        ],
        [
            9,
            3
        ],
        [
            9,
            3
        ],
        [
            9,
            3
        ]
    ]
}