{
    "env_id": 154,
    "times": [
        0.198775053024292,
        0.38337039947509766,
        0.5665841102600098,
        0.7329566478729248,
        0.9042484760284424,
        0.9042484760284424,
        0.9042484760284424,
        0.9042484760284424,
        0.9042484760284424,
        0.9042484760284424,
        0.9042484760284424,
        0.9042484760284424,
        0.9042484760284424,
        0.9042484760284424,
        0.9042484760284424,
        0.9042484760284424,
        0.9042484760284424,
        0.9042484760284424,
        0.9042484760284424
    ],
    "wcd_changes": [
        1,
        2,
        2,
        2,
        4,
        4,
        4,
        4,
        4,
        4,
        4,
        4,
        4,
        4,
        4,
        4,
        4,
        4,
        4
    ],
    "budgets": [
        [
            1,
            0
        ],
        [
            2,
            0
        ],
        [
            3,
            0
        ],
        [
            3,
            1
        ],
        [
            4,
            1
        ],
        [
            4,
            1
        ],
        [
            4,
            1
        ],
        [
            4,
            1
        ],
        [
            4,
            1
        ],
        [
            4,
            1
        ],
        [
            4,
            1
        ],
        [
            4,
            1
        ],
        [
            4,
            1
        ],
        [
            4,
            1
        ],
        [
            4,
            1
        ],
        [
            4,
            1
        ],
        [
            4,
            1
        ],
        [
            4,
            1
        ],
        [
            4,
            1
        ]
    ],
    "max_budgets": [
        19
    ],
    "num_changes": [
        [
            1,
            0
        ],
        [
            2,
            0
        ],
        [
            3,
            0
        ],
        [
            3,
            1
        ],
        [
            4,
            1
        ],
        [
            4,
            1
        ],
        [
            4,
            1
        ],
        [
            4,
            1
        ],
        [
            4,
            1
        ],
        [
            4,
            1
        ],
        [
            4,
            1
        ],
        [
            4,
            1
        ],
        [
            4,
            1
        ],
        [
            4,
            1
        ],
        [
            4,
            1
        ],
        [
            4,
            1
        ],
        [
            4,
            1
        ],
        [
            4,
            1
        ],
        [
            4,
            1
        ]
    ]
}