{
    "env_id": 193,
    "times": [
        0.18075847625732422,
        0.18075847625732422,
        0.18075847625732422,
        0.18075847625732422,
        0.18075847625732422,
        0.18075847625732422,
        0.18075847625732422,
        0.18075847625732422,
        0.18075847625732422,
        0.18075847625732422,
        0.18075847625732422,
        0.18075847625732422,
        0.18075847625732422,
        0.18075847625732422,
        0.18075847625732422,
        0.18075847625732422,
        0.18075847625732422,
        0.18075847625732422,
        0.18075847625732422
    ],
    "wcd_changes": [
        -2,
        -2,
        -2,
        -2,
        -2,
        -2,
        -2,
        -2,
        -2,
        -2,
        -2,
        -2,
        -2,
        -2,
        -2,
        -2,
        -2,
        -2,
        -2
    ],
    "budgets": [
        [
            1,
            0
        ],
        [
            1,
            0
        ],
        [
            1,
            0
        ],
        [
            1,
            0
        ],
        [
            1,
            0
        ],
        [
            1,
            0
        ],
        [
            1,
            0
        ],
        [
            1,
            0
        ],
        [
            1,
            0
        ],
        [
            1,
            0
        ],
        [
            1,
            0
        ],
        [
            1,
            0
        ],
        [
            1,
            0
        ],
        [
            1,
            0
        ],
        [
            1,
            0
        ],
        [
            1,
            0
        ],
        [
            1,
            0
        ],
        [
            1,
            0
        ],
        [
            1,
            0
        ]
    ],
    "max_budgets": [
        19
    ],
    "num_changes": [
        [
            1,
            0
        ],
        [
            1,
            0
        ],
        [
            1,
            0
        ],
        [
            1,
            0
        ],
        [
            1,
            0
        ],
        [
            1,
            0
        ],
        [
            1,
            0
        ],
        [
            1,
            0
        ],
        [
            1,
            0
        ],
        [
            1,
            0
        ],
        [
            1,
            0
        ],
        [
            1,
            0
        ],
        [
            1,
            0
        ],
        [
            1,
            0
        ],
        [
            1,
            0
        ],
        [
            1,
            0
        ],
        [
            1,
            0
        ],
        [
            1,
            0
        ],
        [
            1,
            0
        ]
    ]
}