{
    "env_id": 612,
    "times": [
        0.1254262924194336,
        0.23837685585021973,
        0.3441154956817627,
        0.4495406150817871,
        0.5843024253845215,
        0.678124189376831,
        0.7873642444610596,
        0.7873642444610596,
        0.7873642444610596,
        0.7873642444610596,
        0.7873642444610596,
        0.7873642444610596,
        0.7873642444610596,
        0.7873642444610596,
        0.7873642444610596,
        0.7873642444610596,
        0.7873642444610596,
        0.7873642444610596,
        0.7873642444610596
    ],
    "wcd_changes": [
        -1,
        2,
        3,
        5,
        5,
        5,
        5,
        5,
        5,
        5,
        5,
        5,
        5,
        5,
        5,
        5,
        5,
        5,
        5
    ],
    "budgets": [
        [
            1,
            0
        ],
        [
            2,
            0
        ],
        [
            2,
            1
        ],
        [
            2,
            2
        ],
        [
            3,
            2
        ],
        [
            3,
            3
        ],
        [
            3,
            4
        ],
        [
            3,
            4
        ],
        [
            3,
            4
        ],
        [
            3,
            4
        ],
        [
            3,
            4
        ],
        [
            3,
            4
        ],
        [
            3,
            4
        ],
        [
            3,
            4
        ],
        [
            3,
            4
        ],
        [
            3,
            4
        ],
        [
            3,
            4
        ],
        [
            3,
            4
        ],
        [
            3,
            4
        ]
    ],
    "max_budgets": [
        19
    ],
    "num_changes": [
        [
            1,
            0
        ],
        [
            2,
            0
        ],
        [
            2,
            1
        ],
        [
            2,
            2
        ],
        [
            3,
            2
        ],
        [
            3,
            3
        ],
        [
            3,
            4
        ],
        [
            3,
            4
        ],
        [
            3,
            4
        ],
        [
            3,
            4
        ],
        [
            3,
            4
        ],
        [
            3,
            4
        ],
        [
            3,
            4
        ],
        [
            3,
            4
        ],
        [
            3,
            4
        ],
        [
            3,
            4
        ],
        [
            3,
            4
        ],
        [
            3,
            4
        ],
        [
            3,
            4
        ]
    ]
}