{
    "env_id": 96,
    "times": [
        0.13947415351867676,
        0.27103686332702637,
        0.5367684364318848,
        0.6752135753631592,
        0.7989959716796875,
        0.9246959686279297,
        0.9246959686279297,
        0.9246959686279297,
        0.9246959686279297,
        0.9246959686279297,
        0.9246959686279297,
        0.9246959686279297,
        0.9246959686279297,
        0.9246959686279297,
        0.9246959686279297,
        0.9246959686279297,
        0.9246959686279297,
        0.9246959686279297,
        0.9246959686279297
    ],
    "wcd_changes": [
        0,
        0,
        0,
        -2,
        -2,
        -2,
        -2,
        -2,
        -2,
        -2,
        -2,
        -2,
        -2,
        -2,
        -2,
        -2,
        -2,
        -2,
        -2
    ],
    "budgets": [
        [
            1,
            0
        ],
        [
            2,
            0
        ],
        [
            3,
            0
        ],
        [
            4,
            0
        ],
        [
            5,
            0
        ],
        [
            5,
            1
        ],
        [
            5,
            1
        ],
        [
            5,
            1
        ],
        [
            5,
            1
        ],
        [
            5,
            1
        ],
        [
            5,
            1
        ],
        [
            5,
            1
        ],
        [
            5,
            1
        ],
        [
            5,
            1
        ],
        [
            5,
            1
        ],
        [
            5,
            1
        ],
        [
            5,
            1
        ],
        [
            5,
            1
        ],
        [
            5,
            1
        ]
    ],
    "max_budgets": [
        19
    ],
    "num_changes": [
        [
            1,
            0
        ],
        [
            2,
            0
        ],
        [
            3,
            0
        ],
        [
            4,
            0
        ],
        [
            5,
            0
        ],
        [
            5,
            1
        ],
        [
            5,
            1
        ],
        [
            5,
            1
        ],
        [
            5,
            1
        ],
        [
            5,
            1
        ],
        [
            5,
            1
        ],
        [
            5,
            1
        ],
        [
            5,
            1
        ],
        [
            5,
            1
        ],
        [
            5,
            1
        ],
        [
            5,
            1
        ],
        [
            5,
            1
        ],
        [
            5,
            1
        ],
        [
            5,
            1
        ]
    ]
}