{
    "env_id": 1085,
    "times": [
        0.18902945518493652,
        0.3307046890258789,
        0.6024227142333984,
        0.8342697620391846,
        0.8342697620391846,
        0.8342697620391846,
        0.8342697620391846,
        0.8342697620391846,
        0.8342697620391846,
        0.8342697620391846,
        0.8342697620391846,
        0.8342697620391846,
        0.8342697620391846,
        0.8342697620391846,
        0.8342697620391846,
        0.8342697620391846,
        0.8342697620391846,
        0.8342697620391846,
        0.8342697620391846
    ],
    "wcd_changes": [
        2,
        2,
        5,
        5,
        5,
        5,
        5,
        5,
        5,
        5,
        5,
        5,
        5,
        5,
        5,
        5,
        5,
        5,
        5
    ],
    "budgets": [
        [
            0,
            1
        ],
        [
            0,
            2
        ],
        [
            1,
            2
        ],
        [
            1,
            3
        ],
        [
            1,
            3
        ],
        [
            1,
            3
        ],
        [
            1,
            3
        ],
        [
            1,
            3
        ],
        [
            1,
            3
        ],
        [
            1,
            3
        ],
        [
            1,
            3
        ],
        [
            1,
            3
        ],
        [
            1,
            3
        ],
        [
            1,
            3
        ],
        [
            1,
            3
        ],
        [
            1,
            3
        ],
        [
            1,
            3
        ],
        [
            1,
            3
        ],
        [
            1,
            3
        ]
    ],
    "max_budgets": [
        19
    ],
    "num_changes": [
        [
            0,
            1
        ],
        [
            0,
            2
        ],
        [
            1,
            2
        ],
        [
            1,
            3
        ],
        [
            1,
            3
        ],
        [
            1,
            3
        ],
        [
            1,
            3
        ],
        [
            1,
            3
        ],
        [
            1,
            3
        ],
        [
            1,
            3
        ],
        [
            1,
            3
        ],
        [
            1,
            3
        ],
        [
            1,
            3
        ],
        [
            1,
            3
        ],
        [
            1,
            3
        ],
        [
            1,
            3
        ],
        [
            1,
            3
        ],
        [
            1,
            3
        ],
        [
            1,
            3
        ]
    ]
}