{
    "env_id": 694,
    "times": [
        0.30708932876586914,
        0.5038485527038574,
        0.7229840755462646,
        0.7229840755462646,
        0.7229840755462646,
        0.7229840755462646,
        0.7229840755462646,
        0.7229840755462646,
        0.7229840755462646,
        0.7229840755462646,
        0.7229840755462646,
        0.7229840755462646,
        0.7229840755462646,
        0.7229840755462646,
        0.7229840755462646,
        0.7229840755462646,
        0.7229840755462646,
        0.7229840755462646,
        0.7229840755462646
    ],
    "wcd_changes": [
        2,
        2,
        3,
        3,
        3,
        3,
        3,
        3,
        3,
        3,
        3,
        3,
        3,
        3,
        3,
        3,
        3,
        3,
        3
    ],
    "budgets": [
        [
            1,
            0
        ],
        [
            2,
            0
        ],
        [
            2,
            1
        ],
        [
            2,
            1
        ],
        [
            2,
            1
        ],
        [
            2,
            1
        ],
        [
            2,
            1
        ],
        [
            2,
            1
        ],
        [
            2,
            1
        ],
        [
            2,
            1
        ],
        [
            2,
            1
        ],
        [
            2,
            1
        ],
        [
            2,
            1
        ],
        [
            2,
            1
        ],
        [
            2,
            1
        ],
        [
            2,
            1
        ],
        [
            2,
            1
        ],
        [
            2,
            1
        ],
        [
            2,
            1
        ]
    ],
    "max_budgets": [
        19
    ],
    "num_changes": [
        [
            1,
            0
        ],
        [
            2,
            0
        ],
        [
            2,
            1
        ],
        [
            2,
            1
        ],
        [
            2,
            1
        ],
        [
            2,
            1
        ],
        [
            2,
            1
        ],
        [
            2,
            1
        ],
        [
            2,
            1
        ],
        [
            2,
            1
        ],
        [
            2,
            1
        ],
        [
            2,
            1
        ],
        [
            2,
            1
        ],
        [
            2,
            1
        ],
        [
            2,
            1
        ],
        [
            2,
            1
        ],
        [
            2,
            1
        ],
        [
            2,
            1
        ],
        [
            2,
            1
        ]
    ]
}