{
    "env_id": 2107,
    "times": [
        0.21897411346435547,
        0.4248769283294678,
        0.6132421493530273,
        0.8848822116851807,
        0.8848822116851807,
        0.8848822116851807,
        0.8848822116851807,
        0.8848822116851807,
        0.8848822116851807,
        0.8848822116851807,
        0.8848822116851807,
        0.8848822116851807,
        0.8848822116851807,
        0.8848822116851807,
        0.8848822116851807,
        0.8848822116851807,
        0.8848822116851807,
        0.8848822116851807,
        0.8848822116851807
    ],
    "wcd_changes": [
        3,
        3,
        5,
        5,
        5,
        5,
        5,
        5,
        5,
        5,
        5,
        5,
        5,
        5,
        5,
        5,
        5,
        5,
        5
    ],
    "budgets": [
        [
            1,
            0
        ],
        [
            2,
            0
        ],
        [
            3,
            0
        ],
        [
            4,
            0
        ],
        [
            4,
            0
        ],
        [
            4,
            0
        ],
        [
            4,
            0
        ],
        [
            4,
            0
        ],
        [
            4,
            0
        ],
        [
            4,
            0
        ],
        [
            4,
            0
        ],
        [
            4,
            0
        ],
        [
            4,
            0
        ],
        [
            4,
            0
        ],
        [
            4,
            0
        ],
        [
            4,
            0
        ],
        [
            4,
            0
        ],
        [
            4,
            0
        ],
        [
            4,
            0
        ]
    ],
    "max_budgets": [
        19
    ],
    "num_changes": [
        [
            1,
            0
        ],
        [
            2,
            0
        ],
        [
            3,
            0
        ],
        [
            4,
            0
        ],
        [
            4,
            0
        ],
        [
            4,
            0
        ],
        [
            4,
            0
        ],
        [
            4,
            0
        ],
        [
            4,
            0
        ],
        [
            4,
            0
        ],
        [
            4,
            0
        ],
        [
            4,
            0
        ],
        [
            4,
            0
        ],
        [
            4,
            0
        ],
        [
            4,
            0
        ],
        [
            4,
            0
        ],
        [
            4,
            0
        ],
        [
            4,
            0
        ],
        [
            4,
            0
        ]
    ]
}