{
    "env_id": 992,
    "times": [
        0.24075078964233398,
        0.4550602436065674,
        0.702307939529419,
        0.8766181468963623,
        0.8766181468963623,
        0.8766181468963623,
        0.8766181468963623,
        0.8766181468963623,
        0.8766181468963623,
        0.8766181468963623,
        0.8766181468963623,
        0.8766181468963623,
        0.8766181468963623,
        0.8766181468963623,
        0.8766181468963623,
        0.8766181468963623,
        0.8766181468963623,
        0.8766181468963623,
        0.8766181468963623
    ],
    "wcd_changes": [
        1,
        1,
        5,
        6,
        6,
        6,
        6,
        6,
        6,
        6,
        6,
        6,
        6,
        6,
        6,
        6,
        6,
        6,
        6
    ],
    "budgets": [
        [
            1,
            0
        ],
        [
            2,
            0
        ],
        [
            2,
            1
        ],
        [
            3,
            1
        ],
        [
            3,
            1
        ],
        [
            3,
            1
        ],
        [
            3,
            1
        ],
        [
            3,
            1
        ],
        [
            3,
            1
        ],
        [
            3,
            1
        ],
        [
            3,
            1
        ],
        [
            3,
            1
        ],
        [
            3,
            1
        ],
        [
            3,
            1
        ],
        [
            3,
            1
        ],
        [
            3,
            1
        ],
        [
            3,
            1
        ],
        [
            3,
            1
        ],
        [
            3,
            1
        ]
    ],
    "max_budgets": [
        19
    ],
    "num_changes": [
        [
            1,
            0
        ],
        [
            2,
            0
        ],
        [
            2,
            1
        ],
        [
            3,
            1
        ],
        [
            3,
            1
        ],
        [
            3,
            1
        ],
        [
            3,
            1
        ],
        [
            3,
            1
        ],
        [
            3,
            1
        ],
        [
            3,
            1
        ],
        [
            3,
            1
        ],
        [
            3,
            1
        ],
        [
            3,
            1
        ],
        [
            3,
            1
        ],
        [
            3,
            1
        ],
        [
            3,
            1
        ],
        [
            3,
            1
        ],
        [
            3,
            1
        ],
        [
            3,
            1
        ]
    ]
}