{
    "env_id": 1078,
    "times": [
        0.25043630599975586,
        0.5095257759094238,
        0.752539873123169,
        0.752539873123169,
        0.752539873123169,
        0.752539873123169,
        0.752539873123169,
        0.752539873123169,
        0.752539873123169,
        0.752539873123169,
        0.752539873123169,
        0.752539873123169,
        0.752539873123169,
        0.752539873123169,
        0.752539873123169,
        0.752539873123169,
        0.752539873123169,
        0.752539873123169,
        0.752539873123169
    ],
    "wcd_changes": [
        2,
        4,
        4,
        4,
        4,
        4,
        4,
        4,
        4,
        4,
        4,
        4,
        4,
        4,
        4,
        4,
        4,
        4,
        4
    ],
    "budgets": [
        [
            0,
            1
        ],
        [
            1,
            1
        ],
        [
            2,
            1
        ],
        [
            2,
            1
        ],
        [
            2,
            1
        ],
        [
            2,
            1
        ],
        [
            2,
            1
        ],
        [
            2,
            1
        ],
        [
            2,
            1
        ],
        [
            2,
            1
        ],
        [
            2,
            1
        ],
        [
            2,
            1
        ],
        [
            2,
            1
        ],
        [
            2,
            1
        ],
        [
            2,
            1
        ],
        [
            2,
            1
        ],
        [
            2,
            1
        ],
        [
            2,
            1
        ],
        [
            2,
            1
        ]
    ],
    "max_budgets": [
        19
    ],
    "num_changes": [
        [
            0,
            1
        ],
        [
            1,
            1
        ],
        [
            2,
            1
        ],
        [
            2,
            1
        ],
        [
            2,
            1
        ],
        [
            2,
            1
        ],
        [
            2,
            1
        ],
        [
            2,
            1
        ],
        [
            2,
            1
        ],
        [
            2,
            1
        ],
        [
            2,
            1
        ],
        [
            2,
            1
        ],
        [
            2,
            1
        ],
        [
            2,
            1
        ],
        [
            2,
            1
        ],
        [
            2,
            1
        ],
        [
            2,
            1
        ],
        [
            2,
            1
        ],
        [
            2,
            1
        ]
    ]
}