{
    "env_id": 1647,
    "times": [
        0.12259578704833984,
        0.25048184394836426,
        0.3593454360961914,
        0.5639815330505371,
        0.679924726486206,
        0.679924726486206,
        0.679924726486206,
        0.679924726486206,
        0.679924726486206,
        0.679924726486206,
        0.679924726486206,
        0.679924726486206,
        0.679924726486206,
        0.679924726486206,
        0.679924726486206,
        0.679924726486206,
        0.679924726486206,
        0.679924726486206,
        0.679924726486206
    ],
    "wcd_changes": [
        3,
        3,
        3,
        4,
        5,
        5,
        5,
        5,
        5,
        5,
        5,
        5,
        5,
        5,
        5,
        5,
        5,
        5,
        5
    ],
    "budgets": [
        [
            0,
            1
        ],
        [
            1,
            1
        ],
        [
            1,
            2
        ],
        [
            1,
            3
        ],
        [
            2,
            3
        ],
        [
            2,
            3
        ],
        [
            2,
            3
        ],
        [
            2,
            3
        ],
        [
            2,
            3
        ],
        [
            2,
            3
        ],
        [
            2,
            3
        ],
        [
            2,
            3
        ],
        [
            2,
            3
        ],
        [
            2,
            3
        ],
        [
            2,
            3
        ],
        [
            2,
            3
        ],
        [
            2,
            3
        ],
        [
            2,
            3
        ],
        [
            2,
            3
        ]
    ],
    "max_budgets": [
        19
    ],
    "num_changes": [
        [
            0,
            1
        ],
        [
            1,
            1
        ],
        [
            1,
            2
        ],
        [
            1,
            3
        ],
        [
            2,
            3
        ],
        [
            2,
            3
        ],
        [
            2,
            3
        ],
        [
            2,
            3
        ],
        [
            2,
            3
        ],
        [
            2,
            3
        ],
        [
            2,
            3
        ],
        [
            2,
            3
        ],
        [
            2,
            3
        ],
        [
            2,
            3
        ],
        [
            2,
            3
        ],
        [
            2,
            3
        ],
        [
            2,
            3
        ],
        [
            2,
            3
        ],
        [
            2,
            3
        ]
    ]
}