{
    "env_id": 1791,
    "times": [
        0.10673141479492188,
        0.2758805751800537,
        0.4047203063964844,
        0.5301308631896973,
        0.6576707363128662,
        0.7751584053039551,
        0.8942611217498779,
        1.0144951343536377,
        1.133190631866455,
        1.133190631866455,
        1.133190631866455,
        1.133190631866455,
        1.133190631866455,
        1.133190631866455,
        1.133190631866455,
        1.133190631866455,
        1.133190631866455,
        1.133190631866455,
        1.133190631866455
    ],
    "wcd_changes": [
        1,
        4,
        3,
        3,
        3,
        3,
        4,
        4,
        4,
        4,
        4,
        4,
        4,
        4,
        4,
        4,
        4,
        4,
        4
    ],
    "budgets": [
        [
            0,
            1
        ],
        [
            0,
            2
        ],
        [
            0,
            3
        ],
        [
            1,
            3
        ],
        [
            2,
            3
        ],
        [
            3,
            3
        ],
        [
            3,
            2
        ],
        [
            4,
            2
        ],
        [
            4,
            2
        ],
        [
            4,
            2
        ],
        [
            4,
            2
        ],
        [
            4,
            2
        ],
        [
            4,
            2
        ],
        [
            4,
            2
        ],
        [
            4,
            2
        ],
        [
            4,
            2
        ],
        [
            4,
            2
        ],
        [
            4,
            2
        ],
        [
            4,
            2
        ]
    ],
    "max_budgets": [
        19
    ],
    "num_changes": [
        [
            0,
            1
        ],
        [
            0,
            2
        ],
        [
            0,
            3
        ],
        [
            1,
            3
        ],
        [
            2,
            3
        ],
        [
            3,
            3
        ],
        [
            3,
            2
        ],
        [
            4,
            2
        ],
        [
            4,
            2
        ],
        [
            4,
            2
        ],
        [
            4,
            2
        ],
        [
            4,
            2
        ],
        [
            4,
            2
        ],
        [
            4,
            2
        ],
        [
            4,
            2
        ],
        [
            4,
            2
        ],
        [
            4,
            2
        ],
        [
            4,
            2
        ],
        [
            4,
            2
        ]
    ]
}