{
    "env_id": 1397,
    "times": [
        0.25243639945983887,
        0.5861625671386719,
        0.5861625671386719,
        0.5861625671386719,
        0.5861625671386719,
        0.5861625671386719,
        0.5861625671386719,
        0.5861625671386719,
        0.5861625671386719,
        0.5861625671386719,
        0.5861625671386719,
        0.5861625671386719,
        0.5861625671386719,
        0.5861625671386719,
        0.5861625671386719,
        0.5861625671386719,
        0.5861625671386719,
        0.5861625671386719,
        0.5861625671386719
    ],
    "wcd_changes": [
        -2,
        -2,
        -2,
        -2,
        -2,
        -2,
        -2,
        -2,
        -2,
        -2,
        -2,
        -2,
        -2,
        -2,
        -2,
        -2,
        -2,
        -2,
        -2
    ],
    "budgets": [
        [
            1,
            0
        ],
        [
            1,
            1
        ],
        [
            1,
            1
        ],
        [
            1,
            1
        ],
        [
            1,
            1
        ],
        [
            1,
            1
        ],
        [
            1,
            1
        ],
        [
            1,
            1
        ],
        [
            1,
            1
        ],
        [
            1,
            1
        ],
        [
            1,
            1
        ],
        [
            1,
            1
        ],
        [
            1,
            1
        ],
        [
            1,
            1
        ],
        [
            1,
            1
        ],
        [
            1,
            1
        ],
        [
            1,
            1
        ],
        [
            1,
            1
        ],
        [
            1,
            1
        ]
    ],
    "max_budgets": [
        19
    ],
    "num_changes": [
        [
            1,
            0
        ],
        [
            1,
            1
        ],
        [
            1,
            1
        ],
        [
            1,
            1
        ],
        [
            1,
            1
        ],
        [
            1,
            1
        ],
        [
            1,
            1
        ],
        [
            1,
            1
        ],
        [
            1,
            1
        ],
        [
            1,
            1
        ],
        [
            1,
            1
        ],
        [
            1,
            1
        ],
        [
            1,
            1
        ],
        [
            1,
            1
        ],
        [
            1,
            1
        ],
        [
            1,
            1
        ],
        [
            1,
            1
        ],
        [
            1,
            1
        ],
        [
            1,
            1
        ]
    ]
}