{
    "env_id": 865,
    "times": [
        0.2087080478668213,
        0.4332447052001953,
        0.6751372814178467,
        0.8924272060394287,
        1.0784213542938232,
        1.261672019958496,
        1.505359172821045,
        1.6681263446807861,
        1.8295173645019531,
        2.1678836345672607,
        2.4386327266693115,
        2.609591245651245,
        2.788255453109741,
        2.788255453109741,
        2.788255453109741,
        2.788255453109741,
        2.788255453109741,
        2.788255453109741,
        2.788255453109741
    ],
    "wcd_changes": [
        2,
        2,
        2,
        2,
        2,
        2,
        6,
        6,
        6,
        6,
        6,
        6,
        6,
        6,
        6,
        6,
        6,
        6,
        6
    ],
    "budgets": [
        [
            0,
            1
        ],
        [
            1,
            1
        ],
        [
            1,
            2
        ],
        [
            1,
            3
        ],
        [
            1,
            4
        ],
        [
            2,
            4
        ],
        [
            3,
            4
        ],
        [
            3,
            5
        ],
        [
            3,
            6
        ],
        [
            3,
            5
        ],
        [
            4,
            5
        ],
        [
            5,
            5
        ],
        [
            4,
            5
        ],
        [
            4,
            5
        ],
        [
            4,
            5
        ],
        [
            4,
            5
        ],
        [
            4,
            5
        ],
        [
            4,
            5
        ],
        [
            4,
            5
        ]
    ],
    "max_budgets": [
        19
    ],
    "num_changes": [
        [
            0,
            1
        ],
        [
            1,
            1
        ],
        [
            1,
            2
        ],
        [
            1,
            3
        ],
        [
            1,
            4
        ],
        [
            2,
            4
        ],
        [
            3,
            4
        ],
        [
            3,
            5
        ],
        [
            3,
            6
        ],
        [
            3,
            5
        ],
        [
            4,
            5
        ],
        [
            5,
            5
        ],
        [
            4,
            5
        ],
        [
            4,
            5
        ],
        [
            4,
            5
        ],
        [
            4,
            5
        ],
        [
            4,
            5
        ],
        [
            4,
            5
        ],
        [
            4,
            5
        ]
    ]
}