{
    "env_id": 340,
    "times": [
        0.19865632057189941,
        0.3772871494293213,
        0.5440161228179932,
        0.69161057472229,
        0.8403403759002686,
        0.8403403759002686,
        0.8403403759002686,
        0.8403403759002686,
        0.8403403759002686,
        0.8403403759002686,
        0.8403403759002686,
        0.8403403759002686,
        0.8403403759002686,
        0.8403403759002686,
        0.8403403759002686,
        0.8403403759002686,
        0.8403403759002686,
        0.8403403759002686,
        0.8403403759002686
    ],
    "wcd_changes": [
        1,
        2,
        4,
        4,
        4,
        4,
        4,
        4,
        4,
        4,
        4,
        4,
        4,
        4,
        4,
        4,
        4,
        4,
        4
    ],
    "budgets": [
        [
            1,
            0
        ],
        [
            2,
            0
        ],
        [
            3,
            0
        ],
        [
            4,
            0
        ],
        [
            5,
            0
        ],
        [
            5,
            0
        ],
        [
            5,
            0
        ],
        [
            5,
            0
        ],
        [
            5,
            0
        ],
        [
            5,
            0
        ],
        [
            5,
            0
        ],
        [
            5,
            0
        ],
        [
            5,
            0
        ],
        [
            5,
            0
        ],
        [
            5,
            0
        ],
        [
            5,
            0
        ],
        [
            5,
            0
        ],
        [
            5,
            0
        ],
        [
            5,
            0
        ]
    ],
    "max_budgets": [
        19
    ],
    "num_changes": [
        [
            1,
            0
        ],
        [
            2,
            0
        ],
        [
            3,
            0
        ],
        [
            4,
            0
        ],
        [
            5,
            0
        ],
        [
            5,
            0
        ],
        [
            5,
            0
        ],
        [
            5,
            0
        ],
        [
            5,
            0
        ],
        [
            5,
            0
        ],
        [
            5,
            0
        ],
        [
            5,
            0
        ],
        [
            5,
            0
        ],
        [
            5,
            0
        ],
        [
            5,
            0
        ],
        [
            5,
            0
        ],
        [
            5,
            0
        ],
        [
            5,
            0
        ],
        [
            5,
            0
        ]
    ]
}