{
    "env_id": 1947,
    "times": [
        0.1303110122680664,
        0.26749324798583984,
        0.5779261589050293,
        0.7194302082061768,
        0.9389297962188721,
        0.9389297962188721,
        0.9389297962188721,
        0.9389297962188721,
        0.9389297962188721,
        0.9389297962188721,
        0.9389297962188721,
        0.9389297962188721,
        0.9389297962188721,
        0.9389297962188721,
        0.9389297962188721,
        0.9389297962188721,
        0.9389297962188721,
        0.9389297962188721,
        0.9389297962188721
    ],
    "wcd_changes": [
        0,
        0,
        0,
        4,
        4,
        4,
        4,
        4,
        4,
        4,
        4,
        4,
        4,
        4,
        4,
        4,
        4,
        4,
        4
    ],
    "budgets": [
        [
            0,
            1
        ],
        [
            1,
            1
        ],
        [
            1,
            2
        ],
        [
            2,
            2
        ],
        [
            2,
            3
        ],
        [
            2,
            3
        ],
        [
            2,
            3
        ],
        [
            2,
            3
        ],
        [
            2,
            3
        ],
        [
            2,
            3
        ],
        [
            2,
            3
        ],
        [
            2,
            3
        ],
        [
            2,
            3
        ],
        [
            2,
            3
        ],
        [
            2,
            3
        ],
        [
            2,
            3
        ],
        [
            2,
            3
        ],
        [
            2,
            3
        ],
        [
            2,
            3
        ]
    ],
    "max_budgets": [
        19
    ],
    "num_changes": [
        [
            0,
            1
        ],
        [
            1,
            1
        ],
        [
            1,
            2
        ],
        [
            2,
            2
        ],
        [
            2,
            3
        ],
        [
            2,
            3
        ],
        [
            2,
            3
        ],
        [
            2,
            3
        ],
        [
            2,
            3
        ],
        [
            2,
            3
        ],
        [
            2,
            3
        ],
        [
            2,
            3
        ],
        [
            2,
            3
        ],
        [
            2,
            3
        ],
        [
            2,
            3
        ],
        [
            2,
            3
        ],
        [
            2,
            3
        ],
        [
            2,
            3
        ],
        [
            2,
            3
        ]
    ]
}