{
    "env_id": 664,
    "times": [
        0.3113133907318115,
        0.5358378887176514,
        0.8581357002258301,
        1.1463966369628906,
        1.3788890838623047,
        1.7072386741638184,
        1.8633456230163574,
        2.1100523471832275,
        2.4038820266723633,
        2.6499311923980713,
        2.8607656955718994,
        3.014554262161255,
        3.1684961318969727,
        3.3228790760040283,
        3.3228790760040283,
        3.3228790760040283,
        3.3228790760040283,
        3.3228790760040283,
        3.3228790760040283
    ],
    "wcd_changes": [
        3,
        3,
        3,
        4,
        4,
        6,
        6,
        6,
        6,
        6,
        6,
        6,
        6,
        6,
        6,
        6,
        6,
        6,
        6
    ],
    "budgets": [
        [
            0,
            1
        ],
        [
            1,
            1
        ],
        [
            1,
            2
        ],
        [
            2,
            2
        ],
        [
            2,
            3
        ],
        [
            3,
            3
        ],
        [
            4,
            3
        ],
        [
            5,
            3
        ],
        [
            6,
            3
        ],
        [
            7,
            3
        ],
        [
            7,
            4
        ],
        [
            7,
            5
        ],
        [
            7,
            6
        ],
        [
            7,
            6
        ],
        [
            7,
            6
        ],
        [
            7,
            6
        ],
        [
            7,
            6
        ],
        [
            7,
            6
        ],
        [
            7,
            6
        ]
    ],
    "max_budgets": [
        19
    ],
    "num_changes": [
        [
            0,
            1
        ],
        [
            1,
            1
        ],
        [
            1,
            2
        ],
        [
            2,
            2
        ],
        [
            2,
            3
        ],
        [
            3,
            3
        ],
        [
            4,
            3
        ],
        [
            5,
            3
        ],
        [
            6,
            3
        ],
        [
            7,
            3
        ],
        [
            7,
            4
        ],
        [
            7,
            5
        ],
        [
            7,
            6
        ],
        [
            7,
            6
        ],
        [
            7,
            6
        ],
        [
            7,
            6
        ],
        [
            7,
            6
        ],
        [
            7,
            6
        ],
        [
            7,
            6
        ]
    ]
}