{
    "env_id": 368,
    "times": [
        0.19805645942687988,
        0.3887050151824951,
        0.5915119647979736,
        0.7947044372558594,
        0.9976937770843506,
        0.9976937770843506,
        0.9976937770843506,
        0.9976937770843506,
        0.9976937770843506,
        0.9976937770843506,
        0.9976937770843506,
        0.9976937770843506,
        0.9976937770843506,
        0.9976937770843506,
        0.9976937770843506,
        0.9976937770843506,
        0.9976937770843506,
        0.9976937770843506,
        0.9976937770843506
    ],
    "wcd_changes": [
        1,
        1,
        1,
        4,
        4,
        4,
        4,
        4,
        4,
        4,
        4,
        4,
        4,
        4,
        4,
        4,
        4,
        4,
        4
    ],
    "budgets": [
        [
            1,
            0
        ],
        [
            1,
            1
        ],
        [
            2,
            1
        ],
        [
            2,
            2
        ],
        [
            3,
            2
        ],
        [
            3,
            2
        ],
        [
            3,
            2
        ],
        [
            3,
            2
        ],
        [
            3,
            2
        ],
        [
            3,
            2
        ],
        [
            3,
            2
        ],
        [
            3,
            2
        ],
        [
            3,
            2
        ],
        [
            3,
            2
        ],
        [
            3,
            2
        ],
        [
            3,
            2
        ],
        [
            3,
            2
        ],
        [
            3,
            2
        ],
        [
            3,
            2
        ]
    ],
    "max_budgets": [
        19
    ],
    "num_changes": [
        [
            1,
            0
        ],
        [
            1,
            1
        ],
        [
            2,
            1
        ],
        [
            2,
            2
        ],
        [
            3,
            2
        ],
        [
            3,
            2
        ],
        [
            3,
            2
        ],
        [
            3,
            2
        ],
        [
            3,
            2
        ],
        [
            3,
            2
        ],
        [
            3,
            2
        ],
        [
            3,
            2
        ],
        [
            3,
            2
        ],
        [
            3,
            2
        ],
        [
            3,
            2
        ],
        [
            3,
            2
        ],
        [
            3,
            2
        ],
        [
            3,
            2
        ],
        [
            3,
            2
        ]
    ]
}