{
    "env_id": 1291,
    "times": [
        0.31524062156677246,
        0.6678564548492432,
        0.9888749122619629,
        0.9888749122619629,
        0.9888749122619629,
        0.9888749122619629,
        0.9888749122619629,
        0.9888749122619629,
        0.9888749122619629,
        0.9888749122619629,
        0.9888749122619629,
        0.9888749122619629,
        0.9888749122619629,
        0.9888749122619629,
        0.9888749122619629,
        0.9888749122619629,
        0.9888749122619629,
        0.9888749122619629,
        0.9888749122619629
    ],
    "wcd_changes": [
        1,
        1,
        2,
        2,
        2,
        2,
        2,
        2,
        2,
        2,
        2,
        2,
        2,
        2,
        2,
        2,
        2,
        2,
        2
    ],
    "budgets": [
        [
            1,
            0
        ],
        [
            2,
            0
        ],
        [
            3,
            0
        ],
        [
            3,
            0
        ],
        [
            3,
            0
        ],
        [
            3,
            0
        ],
        [
            3,
            0
        ],
        [
            3,
            0
        ],
        [
            3,
            0
        ],
        [
            3,
            0
        ],
        [
            3,
            0
        ],
        [
            3,
            0
        ],
        [
            3,
            0
        ],
        [
            3,
            0
        ],
        [
            3,
            0
        ],
        [
            3,
            0
        ],
        [
            3,
            0
        ],
        [
            3,
            0
        ],
        [
            3,
            0
        ]
    ],
    "max_budgets": [
        19
    ],
    "num_changes": [
        [
            1,
            0
        ],
        [
            2,
            0
        ],
        [
            3,
            0
        ],
        [
            3,
            0
        ],
        [
            3,
            0
        ],
        [
            3,
            0
        ],
        [
            3,
            0
        ],
        [
            3,
            0
        ],
        [
            3,
            0
        ],
        [
            3,
            0
        ],
        [
            3,
            0
        ],
        [
            3,
            0
        ],
        [
            3,
            0
        ],
        [
            3,
            0
        ],
        [
            3,
            0
        ],
        [
            3,
            0
        ],
        [
            3,
            0
        ],
        [
            3,
            0
        ],
        [
            3,
            0
        ]
    ]
}