{
    "env_id": 1943,
    "times": [
        0.2377023696899414,
        0.404341459274292,
        0.5672914981842041,
        0.5672914981842041,
        0.5672914981842041,
        0.5672914981842041,
        0.5672914981842041,
        0.5672914981842041,
        0.5672914981842041,
        0.5672914981842041,
        0.5672914981842041,
        0.5672914981842041,
        0.5672914981842041,
        0.5672914981842041,
        0.5672914981842041,
        0.5672914981842041,
        0.5672914981842041,
        0.5672914981842041,
        0.5672914981842041
    ],
    "wcd_changes": [
        0,
        1,
        1,
        1,
        1,
        1,
        1,
        1,
        1,
        1,
        1,
        1,
        1,
        1,
        1,
        1,
        1,
        1,
        1
    ],
    "budgets": [
        [
            1,
            0
        ],
        [
            1,
            1
        ],
        [
            1,
            2
        ],
        [
            1,
            2
        ],
        [
            1,
            2
        ],
        [
            1,
            2
        ],
        [
            1,
            2
        ],
        [
            1,
            2
        ],
        [
            1,
            2
        ],
        [
            1,
            2
        ],
        [
            1,
            2
        ],
        [
            1,
            2
        ],
        [
            1,
            2
        ],
        [
            1,
            2
        ],
        [
            1,
            2
        ],
        [
            1,
            2
        ],
        [
            1,
            2
        ],
        [
            1,
            2
        ],
        [
            1,
            2
        ]
    ],
    "max_budgets": [
        19
    ],
    "num_changes": [
        [
            1,
            0
        ],
        [
            1,
            1
        ],
        [
            1,
            2
        ],
        [
            1,
            2
        ],
        [
            1,
            2
        ],
        [
            1,
            2
        ],
        [
            1,
            2
        ],
        [
            1,
            2
        ],
        [
            1,
            2
        ],
        [
            1,
            2
        ],
        [
            1,
            2
        ],
        [
            1,
            2
        ],
        [
            1,
            2
        ],
        [
            1,
            2
        ],
        [
            1,
            2
        ],
        [
            1,
            2
        ],
        [
            1,
            2
        ],
        [
            1,
            2
        ],
        [
            1,
            2
        ]
    ]
}