{
    "env_id": 1102,
    "times": [
        0.24303293228149414,
        0.5040836334228516,
        0.7606122493743896,
        0.9856991767883301,
        1.2485177516937256,
        1.501744270324707,
        1.780580759048462,
        2.0391743183135986,
        2.224429130554199,
        2.4151268005371094,
        2.5997159481048584,
        2.5997159481048584,
        2.5997159481048584,
        2.5997159481048584,
        2.5997159481048584,
        2.5997159481048584,
        2.5997159481048584,
        2.5997159481048584,
        2.5997159481048584
    ],
    "wcd_changes": [
        0,
        0,
        0,
        0,
        0,
        0,
        0,
        0,
        0,
        0,
        0,
        0,
        0,
        0,
        0,
        0,
        0,
        0,
        0
    ],
    "budgets": [
        [
            1,
            0
        ],
        [
            2,
            0
        ],
        [
            3,
            0
        ],
        [
            4,
            0
        ],
        [
            5,
            0
        ],
        [
            6,
            0
        ],
        [
            7,
            0
        ],
        [
            8,
            0
        ],
        [
            9,
            0
        ],
        [
            10,
            0
        ],
        [
            11,
            0
        ],
        [
            11,
            0
        ],
        [
            11,
            0
        ],
        [
            11,
            0
        ],
        [
            11,
            0
        ],
        [
            11,
            0
        ],
        [
            11,
            0
        ],
        [
            11,
            0
        ],
        [
            11,
            0
        ]
    ],
    "max_budgets": [
        19
    ],
    "num_changes": [
        [
            1,
            0
        ],
        [
            2,
            0
        ],
        [
            3,
            0
        ],
        [
            4,
            0
        ],
        [
            5,
            0
        ],
        [
            6,
            0
        ],
        [
            7,
            0
        ],
        [
            8,
            0
        ],
        [
            9,
            0
        ],
        [
            10,
            0
        ],
        [
            11,
            0
        ],
        [
            11,
            0
        ],
        [
            11,
            0
        ],
        [
            11,
            0
        ],
        [
            11,
            0
        ],
        [
            11,
            0
        ],
        [
            11,
            0
        ],
        [
            11,
            0
        ],
        [
            11,
            0
        ]
    ]
}