{
    "env_id": 1676,
    "times": [
        0.20559358596801758,
        0.36748671531677246,
        0.5242729187011719,
        0.6749651432037354,
        0.7889585494995117,
        0.7889585494995117,
        0.7889585494995117,
        0.7889585494995117,
        0.7889585494995117,
        0.7889585494995117,
        0.7889585494995117,
        0.7889585494995117,
        0.7889585494995117,
        0.7889585494995117,
        0.7889585494995117,
        0.7889585494995117,
        0.7889585494995117,
        0.7889585494995117,
        0.7889585494995117
    ],
    "wcd_changes": [
        4,
        4,
        4,
        4,
        4,
        4,
        4,
        4,
        4,
        4,
        4,
        4,
        4,
        4,
        4,
        4,
        4,
        4,
        4
    ],
    "budgets": [
        [
            1,
            0
        ],
        [
            2,
            0
        ],
        [
            3,
            0
        ],
        [
            4,
            0
        ],
        [
            5,
            0
        ],
        [
            5,
            0
        ],
        [
            5,
            0
        ],
        [
            5,
            0
        ],
        [
            5,
            0
        ],
        [
            5,
            0
        ],
        [
            5,
            0
        ],
        [
            5,
            0
        ],
        [
            5,
            0
        ],
        [
            5,
            0
        ],
        [
            5,
            0
        ],
        [
            5,
            0
        ],
        [
            5,
            0
        ],
        [
            5,
            0
        ],
        [
            5,
            0
        ]
    ],
    "max_budgets": [
        19
    ],
    "num_changes": [
        [
            1,
            0
        ],
        [
            2,
            0
        ],
        [
            3,
            0
        ],
        [
            4,
            0
        ],
        [
            5,
            0
        ],
        [
            5,
            0
        ],
        [
            5,
            0
        ],
        [
            5,
            0
        ],
        [
            5,
            0
        ],
        [
            5,
            0
        ],
        [
            5,
            0
        ],
        [
            5,
            0
        ],
        [
            5,
            0
        ],
        [
            5,
            0
        ],
        [
            5,
            0
        ],
        [
            5,
            0
        ],
        [
            5,
            0
        ],
        [
            5,
            0
        ],
        [
            5,
            0
        ]
    ]
}