{
    "env_id": 1354,
    "times": [
        0.15014910697937012,
        0.32221364974975586,
        0.32221364974975586,
        0.32221364974975586,
        0.32221364974975586,
        0.32221364974975586,
        0.32221364974975586,
        0.32221364974975586,
        0.32221364974975586,
        0.32221364974975586,
        0.32221364974975586,
        0.32221364974975586,
        0.32221364974975586,
        0.32221364974975586,
        0.32221364974975586,
        0.32221364974975586,
        0.32221364974975586,
        0.32221364974975586,
        0.32221364974975586
    ],
    "wcd_changes": [
        1,
        4,
        4,
        4,
        4,
        4,
        4,
        4,
        4,
        4,
        4,
        4,
        4,
        4,
        4,
        4,
        4,
        4,
        4
    ],
    "budgets": [
        [
            0,
            1
        ],
        [
            0,
            2
        ],
        [
            0,
            2
        ],
        [
            0,
            2
        ],
        [
            0,
            2
        ],
        [
            0,
            2
        ],
        [
            0,
            2
        ],
        [
            0,
            2
        ],
        [
            0,
            2
        ],
        [
            0,
            2
        ],
        [
            0,
            2
        ],
        [
            0,
            2
        ],
        [
            0,
            2
        ],
        [
            0,
            2
        ],
        [
            0,
            2
        ],
        [
            0,
            2
        ],
        [
            0,
            2
        ],
        [
            0,
            2
        ],
        [
            0,
            2
        ]
    ],
    "max_budgets": [
        19
    ],
    "num_changes": [
        [
            0,
            1
        ],
        [
            0,
            2
        ],
        [
            0,
            2
        ],
        [
            0,
            2
        ],
        [
            0,
            2
        ],
        [
            0,
            2
        ],
        [
            0,
            2
        ],
        [
            0,
            2
        ],
        [
            0,
            2
        ],
        [
            0,
            2
        ],
        [
            0,
            2
        ],
        [
            0,
            2
        ],
        [
            0,
            2
        ],
        [
            0,
            2
        ],
        [
            0,
            2
        ],
        [
            0,
            2
        ],
        [
            0,
            2
        ],
        [
            0,
            2
        ],
        [
            0,
            2
        ]
    ]
}