{
    "env_id": 131,
    "times": [
        87.8294632434845,
        164.95289063453674,
        232.8323097229004,
        299.04039239883423,
        299.04039239883423,
        299.04039239883423,
        299.04039239883423,
        299.04039239883423,
        299.04039239883423,
        299.04039239883423,
        299.04039239883423,
        299.04039239883423,
        299.04039239883423,
        299.04039239883423,
        299.04039239883423,
        299.04039239883423,
        299.04039239883423,
        299.04039239883423,
        299.04039239883423
    ],
    "wcd_changes": [
        4,
        5,
        6,
        6,
        6,
        6,
        6,
        6,
        6,
        6,
        6,
        6,
        6,
        6,
        6,
        6,
        6,
        6,
        6
    ],
    "budgets": [
        [
            1,
            0
        ],
        [
            1,
            1
        ],
        [
            1,
            2
        ],
        [
            1,
            2
        ],
        [
            1,
            2
        ],
        [
            1,
            2
        ],
        [
            1,
            2
        ],
        [
            1,
            2
        ],
        [
            1,
            2
        ],
        [
            1,
            2
        ],
        [
            1,
            2
        ],
        [
            1,
            2
        ],
        [
            1,
            2
        ],
        [
            1,
            2
        ],
        [
            1,
            2
        ],
        [
            1,
            2
        ],
        [
            1,
            2
        ],
        [
            1,
            2
        ],
        [
            1,
            2
        ]
    ],
    "max_budgets": [
        19
    ],
    "num_changes": [
        [
            1,
            0
        ],
        [
            1,
            1
        ],
        [
            1,
            2
        ],
        [
            1,
            2
        ],
        [
            1,
            2
        ],
        [
            1,
            2
        ],
        [
            1,
            2
        ],
        [
            1,
            2
        ],
        [
            1,
            2
        ],
        [
            1,
            2
        ],
        [
            1,
            2
        ],
        [
            1,
            2
        ],
        [
            1,
            2
        ],
        [
            1,
            2
        ],
        [
            1,
            2
        ],
        [
            1,
            2
        ],
        [
            1,
            2
        ],
        [
            1,
            2
        ],
        [
            1,
            2
        ]
    ]
}