{
    "env_id": 1995,
    "times": [
        110.72978663444519,
        243.99578595161438,
        243.99578595161438,
        243.99578595161438,
        243.99578595161438,
        243.99578595161438,
        243.99578595161438,
        243.99578595161438,
        243.99578595161438,
        243.99578595161438,
        243.99578595161438,
        243.99578595161438,
        243.99578595161438,
        243.99578595161438,
        243.99578595161438,
        243.99578595161438,
        243.99578595161438,
        243.99578595161438,
        243.99578595161438
    ],
    "wcd_changes": [
        4,
        6,
        6,
        6,
        6,
        6,
        6,
        6,
        6,
        6,
        6,
        6,
        6,
        6,
        6,
        6,
        6,
        6,
        6
    ],
    "budgets": [
        [
            0,
            1
        ],
        [
            0,
            2
        ],
        [
            0,
            2
        ],
        [
            0,
            2
        ],
        [
            0,
            2
        ],
        [
            0,
            2
        ],
        [
            0,
            2
        ],
        [
            0,
            2
        ],
        [
            0,
            2
        ],
        [
            0,
            2
        ],
        [
            0,
            2
        ],
        [
            0,
            2
        ],
        [
            0,
            2
        ],
        [
            0,
            2
        ],
        [
            0,
            2
        ],
        [
            0,
            2
        ],
        [
            0,
            2
        ],
        [
            0,
            2
        ],
        [
            0,
            2
        ]
    ],
    "max_budgets": [
        19
    ],
    "num_changes": [
        [
            0,
            1
        ],
        [
            0,
            2
        ],
        [
            0,
            2
        ],
        [
            0,
            2
        ],
        [
            0,
            2
        ],
        [
            0,
            2
        ],
        [
            0,
            2
        ],
        [
            0,
            2
        ],
        [
            0,
            2
        ],
        [
            0,
            2
        ],
        [
            0,
            2
        ],
        [
            0,
            2
        ],
        [
            0,
            2
        ],
        [
            0,
            2
        ],
        [
            0,
            2
        ],
        [
            0,
            2
        ],
        [
            0,
            2
        ],
        [
            0,
            2
        ],
        [
            0,
            2
        ]
    ]
}