{
    "env_id": 686,
    "times": [
        62.927507638931274,
        62.927507638931274,
        62.927507638931274,
        62.927507638931274,
        62.927507638931274,
        62.927507638931274,
        62.927507638931274,
        62.927507638931274,
        62.927507638931274,
        62.927507638931274,
        62.927507638931274,
        62.927507638931274,
        62.927507638931274,
        62.927507638931274,
        62.927507638931274,
        62.927507638931274,
        62.927507638931274,
        62.927507638931274,
        62.927507638931274
    ],
    "wcd_changes": [
        4,
        4,
        4,
        4,
        4,
        4,
        4,
        4,
        4,
        4,
        4,
        4,
        4,
        4,
        4,
        4,
        4,
        4,
        4
    ],
    "budgets": [
        [
            0,
            1
        ],
        [
            0,
            1
        ],
        [
            0,
            1
        ],
        [
            0,
            1
        ],
        [
            0,
            1
        ],
        [
            0,
            1
        ],
        [
            0,
            1
        ],
        [
            0,
            1
        ],
        [
            0,
            1
        ],
        [
            0,
            1
        ],
        [
            0,
            1
        ],
        [
            0,
            1
        ],
        [
            0,
            1
        ],
        [
            0,
            1
        ],
        [
            0,
            1
        ],
        [
            0,
            1
        ],
        [
            0,
            1
        ],
        [
            0,
            1
        ],
        [
            0,
            1
        ]
    ],
    "max_budgets": [
        19
    ],
    "num_changes": [
        [
            0,
            1
        ],
        [
            0,
            1
        ],
        [
            0,
            1
        ],
        [
            0,
            1
        ],
        [
            0,
            1
        ],
        [
            0,
            1
        ],
        [
            0,
            1
        ],
        [
            0,
            1
        ],
        [
            0,
            1
        ],
        [
            0,
            1
        ],
        [
            0,
            1
        ],
        [
            0,
            1
        ],
        [
            0,
            1
        ],
        [
            0,
            1
        ],
        [
            0,
            1
        ],
        [
            0,
            1
        ],
        [
            0,
            1
        ],
        [
            0,
            1
        ],
        [
            0,
            1
        ]
    ]
}