{
    "env_id": 2117,
    "times": [
        35.85906624794006,
        68.63254570960999,
        111.46959471702576,
        153.96675896644592,
        153.96675896644592,
        153.96675896644592,
        153.96675896644592,
        153.96675896644592,
        153.96675896644592,
        153.96675896644592,
        153.96675896644592,
        153.96675896644592,
        153.96675896644592,
        153.96675896644592,
        153.96675896644592,
        153.96675896644592,
        153.96675896644592,
        153.96675896644592,
        153.96675896644592
    ],
    "wcd_changes": [
        4,
        5,
        6,
        7,
        7,
        7,
        7,
        7,
        7,
        7,
        7,
        7,
        7,
        7,
        7,
        7,
        7,
        7,
        7
    ],
    "budgets": [
        [
            1,
            0
        ],
        [
            1,
            1
        ],
        [
            2,
            1
        ],
        [
            3,
            1
        ],
        [
            3,
            1
        ],
        [
            3,
            1
        ],
        [
            3,
            1
        ],
        [
            3,
            1
        ],
        [
            3,
            1
        ],
        [
            3,
            1
        ],
        [
            3,
            1
        ],
        [
            3,
            1
        ],
        [
            3,
            1
        ],
        [
            3,
            1
        ],
        [
            3,
            1
        ],
        [
            3,
            1
        ],
        [
            3,
            1
        ],
        [
            3,
            1
        ],
        [
            3,
            1
        ]
    ],
    "max_budgets": [
        19
    ],
    "num_changes": [
        [
            1,
            0
        ],
        [
            1,
            1
        ],
        [
            2,
            1
        ],
        [
            3,
            1
        ],
        [
            3,
            1
        ],
        [
            3,
            1
        ],
        [
            3,
            1
        ],
        [
            3,
            1
        ],
        [
            3,
            1
        ],
        [
            3,
            1
        ],
        [
            3,
            1
        ],
        [
            3,
            1
        ],
        [
            3,
            1
        ],
        [
            3,
            1
        ],
        [
            3,
            1
        ],
        [
            3,
            1
        ],
        [
            3,
            1
        ],
        [
            3,
            1
        ],
        [
            3,
            1
        ]
    ]
}