{
    "env_id": 535,
    "times": [
        162.42293500900269,
        296.4912819862366,
        353.7922511100769,
        353.7922511100769,
        353.7922511100769,
        353.7922511100769,
        353.7922511100769,
        353.7922511100769,
        353.7922511100769,
        353.7922511100769,
        353.7922511100769,
        353.7922511100769,
        353.7922511100769,
        353.7922511100769,
        353.7922511100769,
        353.7922511100769,
        353.7922511100769,
        353.7922511100769,
        353.7922511100769
    ],
    "wcd_changes": [
        1,
        3,
        3,
        3,
        3,
        3,
        3,
        3,
        3,
        3,
        3,
        3,
        3,
        3,
        3,
        3,
        3,
        3,
        3
    ],
    "budgets": [
        [
            1,
            0
        ],
        [
            2,
            0
        ],
        [
            2,
            0
        ],
        [
            2,
            0
        ],
        [
            2,
            0
        ],
        [
            2,
            0
        ],
        [
            2,
            0
        ],
        [
            2,
            0
        ],
        [
            2,
            0
        ],
        [
            2,
            0
        ],
        [
            2,
            0
        ],
        [
            2,
            0
        ],
        [
            2,
            0
        ],
        [
            2,
            0
        ],
        [
            2,
            0
        ],
        [
            2,
            0
        ],
        [
            2,
            0
        ],
        [
            2,
            0
        ],
        [
            2,
            0
        ]
    ],
    "max_budgets": [
        19
    ],
    "num_changes": [
        [
            1,
            0
        ],
        [
            2,
            0
        ],
        [
            2,
            0
        ],
        [
            2,
            0
        ],
        [
            2,
            0
        ],
        [
            2,
            0
        ],
        [
            2,
            0
        ],
        [
            2,
            0
        ],
        [
            2,
            0
        ],
        [
            2,
            0
        ],
        [
            2,
            0
        ],
        [
            2,
            0
        ],
        [
            2,
            0
        ],
        [
            2,
            0
        ],
        [
            2,
            0
        ],
        [
            2,
            0
        ],
        [
            2,
            0
        ],
        [
            2,
            0
        ],
        [
            2,
            0
        ]
    ]
}