{
    "env_id": 1662,
    "times": [
        335.98509192466736,
        689.0224359035492,
        1024.5629715919495,
        1388.3881576061249,
        600,
        600,
        600,
        600,
        600,
        600,
        600,
        600,
        600,
        600,
        600,
        600,
        600,
        600,
        600
    ],
    "wcd_changes": [
        1,
        2,
        3,
        4,
        4,
        4,
        4,
        4,
        4,
        4,
        4,
        4,
        4,
        4,
        4,
        4,
        4,
        4,
        4
    ],
    "budgets": [
        [
            0,
            1
        ],
        [
            1,
            1
        ],
        [
            1,
            2
        ],
        [
            2,
            2
        ],
        [
            2,
            2
        ],
        [
            2,
            2
        ],
        [
            2,
            2
        ],
        [
            2,
            2
        ],
        [
            2,
            2
        ],
        [
            2,
            2
        ],
        [
            2,
            2
        ],
        [
            2,
            2
        ],
        [
            2,
            2
        ],
        [
            2,
            2
        ],
        [
            2,
            2
        ],
        [
            2,
            2
        ],
        [
            2,
            2
        ],
        [
            2,
            2
        ],
        [
            2,
            2
        ]
    ],
    "max_budgets": [
        19
    ],
    "num_changes": [
        [
            0,
            1
        ],
        [
            1,
            1
        ],
        [
            1,
            2
        ],
        [
            2,
            2
        ],
        [
            2,
            2
        ],
        [
            2,
            2
        ],
        [
            2,
            2
        ],
        [
            2,
            2
        ],
        [
            2,
            2
        ],
        [
            2,
            2
        ],
        [
            2,
            2
        ],
        [
            2,
            2
        ],
        [
            2,
            2
        ],
        [
            2,
            2
        ],
        [
            2,
            2
        ],
        [
            2,
            2
        ],
        [
            2,
            2
        ],
        [
            2,
            2
        ],
        [
            2,
            2
        ]
    ]
}