{
    "env_id": 214,
    "times": [
        83.51977038383484,
        177.51623678207397,
        213.19945335388184,
        213.19945335388184,
        213.19945335388184,
        213.19945335388184,
        213.19945335388184,
        213.19945335388184,
        213.19945335388184,
        213.19945335388184,
        213.19945335388184,
        213.19945335388184,
        213.19945335388184,
        213.19945335388184,
        213.19945335388184,
        213.19945335388184,
        213.19945335388184,
        213.19945335388184,
        213.19945335388184
    ],
    "wcd_changes": [
        1,
        5,
        5,
        5,
        5,
        5,
        5,
        5,
        5,
        5,
        5,
        5,
        5,
        5,
        5,
        5,
        5,
        5,
        5
    ],
    "budgets": [
        [
            1,
            0
        ],
        [
            2,
            0
        ],
        [
            2,
            0
        ],
        [
            2,
            0
        ],
        [
            2,
            0
        ],
        [
            2,
            0
        ],
        [
            2,
            0
        ],
        [
            2,
            0
        ],
        [
            2,
            0
        ],
        [
            2,
            0
        ],
        [
            2,
            0
        ],
        [
            2,
            0
        ],
        [
            2,
            0
        ],
        [
            2,
            0
        ],
        [
            2,
            0
        ],
        [
            2,
            0
        ],
        [
            2,
            0
        ],
        [
            2,
            0
        ],
        [
            2,
            0
        ]
    ],
    "max_budgets": [
        19
    ],
    "num_changes": [
        [
            1,
            0
        ],
        [
            2,
            0
        ],
        [
            2,
            0
        ],
        [
            2,
            0
        ],
        [
            2,
            0
        ],
        [
            2,
            0
        ],
        [
            2,
            0
        ],
        [
            2,
            0
        ],
        [
            2,
            0
        ],
        [
            2,
            0
        ],
        [
            2,
            0
        ],
        [
            2,
            0
        ],
        [
            2,
            0
        ],
        [
            2,
            0
        ],
        [
            2,
            0
        ],
        [
            2,
            0
        ],
        [
            2,
            0
        ],
        [
            2,
            0
        ],
        [
            2,
            0
        ]
    ]
}