{
    "env_id": 2052,
    "times": [
        156.12151288986206,
        316.8250608444214,
        316.8250608444214,
        316.8250608444214,
        316.8250608444214,
        316.8250608444214,
        316.8250608444214,
        316.8250608444214,
        316.8250608444214,
        316.8250608444214,
        316.8250608444214,
        316.8250608444214,
        316.8250608444214,
        316.8250608444214,
        316.8250608444214,
        316.8250608444214,
        316.8250608444214,
        316.8250608444214,
        316.8250608444214
    ],
    "wcd_changes": [
        1,
        3,
        3,
        3,
        3,
        3,
        3,
        3,
        3,
        3,
        3,
        3,
        3,
        3,
        3,
        3,
        3,
        3,
        3
    ],
    "budgets": [
        [
            0,
            1
        ],
        [
            1,
            1
        ],
        [
            1,
            1
        ],
        [
            1,
            1
        ],
        [
            1,
            1
        ],
        [
            1,
            1
        ],
        [
            1,
            1
        ],
        [
            1,
            1
        ],
        [
            1,
            1
        ],
        [
            1,
            1
        ],
        [
            1,
            1
        ],
        [
            1,
            1
        ],
        [
            1,
            1
        ],
        [
            1,
            1
        ],
        [
            1,
            1
        ],
        [
            1,
            1
        ],
        [
            1,
            1
        ],
        [
            1,
            1
        ],
        [
            1,
            1
        ]
    ],
    "max_budgets": [
        19
    ],
    "num_changes": [
        [
            0,
            1
        ],
        [
            1,
            1
        ],
        [
            1,
            1
        ],
        [
            1,
            1
        ],
        [
            1,
            1
        ],
        [
            1,
            1
        ],
        [
            1,
            1
        ],
        [
            1,
            1
        ],
        [
            1,
            1
        ],
        [
            1,
            1
        ],
        [
            1,
            1
        ],
        [
            1,
            1
        ],
        [
            1,
            1
        ],
        [
            1,
            1
        ],
        [
            1,
            1
        ],
        [
            1,
            1
        ],
        [
            1,
            1
        ],
        [
            1,
            1
        ],
        [
            1,
            1
        ]
    ]
}