{
    "env_id": 293,
    "times": [
        62.79023480415344,
        127.98109745979309,
        127.98109745979309,
        127.98109745979309,
        127.98109745979309,
        127.98109745979309,
        127.98109745979309,
        127.98109745979309,
        127.98109745979309,
        127.98109745979309,
        127.98109745979309,
        127.98109745979309,
        127.98109745979309,
        127.98109745979309,
        127.98109745979309,
        127.98109745979309,
        127.98109745979309,
        127.98109745979309,
        127.98109745979309
    ],
    "wcd_changes": [
        1,
        2,
        2,
        2,
        2,
        2,
        2,
        2,
        2,
        2,
        2,
        2,
        2,
        2,
        2,
        2,
        2,
        2,
        2
    ],
    "budgets": [
        [
            0,
            1
        ],
        [
            0,
            2
        ],
        [
            0,
            2
        ],
        [
            0,
            2
        ],
        [
            0,
            2
        ],
        [
            0,
            2
        ],
        [
            0,
            2
        ],
        [
            0,
            2
        ],
        [
            0,
            2
        ],
        [
            0,
            2
        ],
        [
            0,
            2
        ],
        [
            0,
            2
        ],
        [
            0,
            2
        ],
        [
            0,
            2
        ],
        [
            0,
            2
        ],
        [
            0,
            2
        ],
        [
            0,
            2
        ],
        [
            0,
            2
        ],
        [
            0,
            2
        ]
    ],
    "max_budgets": [
        19
    ],
    "num_changes": [
        [
            0,
            1
        ],
        [
            0,
            2
        ],
        [
            0,
            2
        ],
        [
            0,
            2
        ],
        [
            0,
            2
        ],
        [
            0,
            2
        ],
        [
            0,
            2
        ],
        [
            0,
            2
        ],
        [
            0,
            2
        ],
        [
            0,
            2
        ],
        [
            0,
            2
        ],
        [
            0,
            2
        ],
        [
            0,
            2
        ],
        [
            0,
            2
        ],
        [
            0,
            2
        ],
        [
            0,
            2
        ],
        [
            0,
            2
        ],
        [
            0,
            2
        ],
        [
            0,
            2
        ]
    ]
}