{
    "env_id": 477,
    "times": [
        179.86870694160461,
        179.86870694160461,
        179.86870694160461,
        179.86870694160461,
        179.86870694160461,
        179.86870694160461,
        179.86870694160461,
        179.86870694160461,
        179.86870694160461,
        179.86870694160461,
        179.86870694160461,
        179.86870694160461,
        179.86870694160461,
        179.86870694160461,
        179.86870694160461,
        179.86870694160461,
        179.86870694160461,
        179.86870694160461,
        179.86870694160461
    ],
    "wcd_changes": [
        2,
        2,
        2,
        2,
        2,
        2,
        2,
        2,
        2,
        2,
        2,
        2,
        2,
        2,
        2,
        2,
        2,
        2,
        2
    ],
    "budgets": [
        [
            1,
            0
        ],
        [
            1,
            0
        ],
        [
            1,
            0
        ],
        [
            1,
            0
        ],
        [
            1,
            0
        ],
        [
            1,
            0
        ],
        [
            1,
            0
        ],
        [
            1,
            0
        ],
        [
            1,
            0
        ],
        [
            1,
            0
        ],
        [
            1,
            0
        ],
        [
            1,
            0
        ],
        [
            1,
            0
        ],
        [
            1,
            0
        ],
        [
            1,
            0
        ],
        [
            1,
            0
        ],
        [
            1,
            0
        ],
        [
            1,
            0
        ],
        [
            1,
            0
        ]
    ],
    "max_budgets": [
        19
    ],
    "num_changes": [
        [
            1,
            0
        ],
        [
            1,
            0
        ],
        [
            1,
            0
        ],
        [
            1,
            0
        ],
        [
            1,
            0
        ],
        [
            1,
            0
        ],
        [
            1,
            0
        ],
        [
            1,
            0
        ],
        [
            1,
            0
        ],
        [
            1,
            0
        ],
        [
            1,
            0
        ],
        [
            1,
            0
        ],
        [
            1,
            0
        ],
        [
            1,
            0
        ],
        [
            1,
            0
        ],
        [
            1,
            0
        ],
        [
            1,
            0
        ],
        [
            1,
            0
        ],
        [
            1,
            0
        ]
    ]
}