{
    "env_id": 600,
    "times": [
        170.3352346420288,
        170.3352346420288,
        170.3352346420288,
        170.3352346420288,
        170.3352346420288,
        170.3352346420288,
        170.3352346420288,
        170.3352346420288,
        170.3352346420288,
        170.3352346420288,
        170.3352346420288,
        170.3352346420288,
        170.3352346420288,
        170.3352346420288,
        170.3352346420288,
        170.3352346420288,
        170.3352346420288,
        170.3352346420288,
        170.3352346420288
    ],
    "wcd_changes": [
        5,
        5,
        5,
        5,
        5,
        5,
        5,
        5,
        5,
        5,
        5,
        5,
        5,
        5,
        5,
        5,
        5,
        5,
        5
    ],
    "budgets": [
        [
            0,
            1
        ],
        [
            0,
            1
        ],
        [
            0,
            1
        ],
        [
            0,
            1
        ],
        [
            0,
            1
        ],
        [
            0,
            1
        ],
        [
            0,
            1
        ],
        [
            0,
            1
        ],
        [
            0,
            1
        ],
        [
            0,
            1
        ],
        [
            0,
            1
        ],
        [
            0,
            1
        ],
        [
            0,
            1
        ],
        [
            0,
            1
        ],
        [
            0,
            1
        ],
        [
            0,
            1
        ],
        [
            0,
            1
        ],
        [
            0,
            1
        ],
        [
            0,
            1
        ]
    ],
    "max_budgets": [
        19
    ],
    "num_changes": [
        [
            0,
            1
        ],
        [
            0,
            1
        ],
        [
            0,
            1
        ],
        [
            0,
            1
        ],
        [
            0,
            1
        ],
        [
            0,
            1
        ],
        [
            0,
            1
        ],
        [
            0,
            1
        ],
        [
            0,
            1
        ],
        [
            0,
            1
        ],
        [
            0,
            1
        ],
        [
            0,
            1
        ],
        [
            0,
            1
        ],
        [
            0,
            1
        ],
        [
            0,
            1
        ],
        [
            0,
            1
        ],
        [
            0,
            1
        ],
        [
            0,
            1
        ],
        [
            0,
            1
        ]
    ]
}