{
    "env_id": 1465,
    "times": [
        138.27698945999146,
        290.8264436721802,
        290.8264436721802,
        290.8264436721802,
        290.8264436721802,
        290.8264436721802,
        290.8264436721802,
        290.8264436721802,
        290.8264436721802,
        290.8264436721802,
        290.8264436721802,
        290.8264436721802,
        290.8264436721802,
        290.8264436721802,
        290.8264436721802,
        290.8264436721802,
        290.8264436721802,
        290.8264436721802,
        290.8264436721802
    ],
    "wcd_changes": [
        2,
        4,
        4,
        4,
        4,
        4,
        4,
        4,
        4,
        4,
        4,
        4,
        4,
        4,
        4,
        4,
        4,
        4,
        4
    ],
    "budgets": [
        [
            0,
            1
        ],
        [
            1,
            1
        ],
        [
            1,
            1
        ],
        [
            1,
            1
        ],
        [
            1,
            1
        ],
        [
            1,
            1
        ],
        [
            1,
            1
        ],
        [
            1,
            1
        ],
        [
            1,
            1
        ],
        [
            1,
            1
        ],
        [
            1,
            1
        ],
        [
            1,
            1
        ],
        [
            1,
            1
        ],
        [
            1,
            1
        ],
        [
            1,
            1
        ],
        [
            1,
            1
        ],
        [
            1,
            1
        ],
        [
            1,
            1
        ],
        [
            1,
            1
        ]
    ],
    "max_budgets": [
        19
    ],
    "num_changes": [
        [
            0,
            1
        ],
        [
            1,
            1
        ],
        [
            1,
            1
        ],
        [
            1,
            1
        ],
        [
            1,
            1
        ],
        [
            1,
            1
        ],
        [
            1,
            1
        ],
        [
            1,
            1
        ],
        [
            1,
            1
        ],
        [
            1,
            1
        ],
        [
            1,
            1
        ],
        [
            1,
            1
        ],
        [
            1,
            1
        ],
        [
            1,
            1
        ],
        [
            1,
            1
        ],
        [
            1,
            1
        ],
        [
            1,
            1
        ],
        [
            1,
            1
        ],
        [
            1,
            1
        ]
    ]
}