{
    "env_id": 1889,
    "times": [
        191.57468843460083,
        344.9613947868347,
        344.9613947868347,
        344.9613947868347,
        344.9613947868347,
        344.9613947868347,
        344.9613947868347,
        344.9613947868347,
        344.9613947868347,
        344.9613947868347,
        344.9613947868347,
        344.9613947868347,
        344.9613947868347,
        344.9613947868347,
        344.9613947868347,
        344.9613947868347,
        344.9613947868347,
        344.9613947868347,
        344.9613947868347
    ],
    "wcd_changes": [
        1,
        1,
        1,
        1,
        1,
        1,
        1,
        1,
        1,
        1,
        1,
        1,
        1,
        1,
        1,
        1,
        1,
        1,
        1
    ],
    "budgets": [
        [
            1,
            0
        ],
        [
            1,
            0
        ],
        [
            1,
            0
        ],
        [
            1,
            0
        ],
        [
            1,
            0
        ],
        [
            1,
            0
        ],
        [
            1,
            0
        ],
        [
            1,
            0
        ],
        [
            1,
            0
        ],
        [
            1,
            0
        ],
        [
            1,
            0
        ],
        [
            1,
            0
        ],
        [
            1,
            0
        ],
        [
            1,
            0
        ],
        [
            1,
            0
        ],
        [
            1,
            0
        ],
        [
            1,
            0
        ],
        [
            1,
            0
        ],
        [
            1,
            0
        ]
    ],
    "max_budgets": [
        19
    ],
    "num_changes": [
        [
            1,
            0
        ],
        [
            1,
            0
        ],
        [
            1,
            0
        ],
        [
            1,
            0
        ],
        [
            1,
            0
        ],
        [
            1,
            0
        ],
        [
            1,
            0
        ],
        [
            1,
            0
        ],
        [
            1,
            0
        ],
        [
            1,
            0
        ],
        [
            1,
            0
        ],
        [
            1,
            0
        ],
        [
            1,
            0
        ],
        [
            1,
            0
        ],
        [
            1,
            0
        ],
        [
            1,
            0
        ],
        [
            1,
            0
        ],
        [
            1,
            0
        ],
        [
            1,
            0
        ]
    ]
}