{
    "env_id": 690,
    "times": [
        257.1287930011749,
        561.1759588718414,
        887.737339258194,
        600,
        600,
        600,
        600,
        600,
        600,
        600,
        600,
        600,
        600,
        600,
        600,
        600,
        600,
        600,
        600
    ],
    "wcd_changes": [
        2,
        3,
        4,
        4,
        4,
        4,
        4,
        4,
        4,
        4,
        4,
        4,
        4,
        4,
        4,
        4,
        4,
        4,
        4
    ],
    "budgets": [
        [
            0,
            1
        ],
        [
            0,
            2
        ],
        [
            0,
            3
        ],
        [
            0,
            3
        ],
        [
            0,
            3
        ],
        [
            0,
            3
        ],
        [
            0,
            3
        ],
        [
            0,
            3
        ],
        [
            0,
            3
        ],
        [
            0,
            3
        ],
        [
            0,
            3
        ],
        [
            0,
            3
        ],
        [
            0,
            3
        ],
        [
            0,
            3
        ],
        [
            0,
            3
        ],
        [
            0,
            3
        ],
        [
            0,
            3
        ],
        [
            0,
            3
        ],
        [
            0,
            3
        ]
    ],
    "max_budgets": [
        19
    ],
    "num_changes": [
        [
            0,
            1
        ],
        [
            0,
            2
        ],
        [
            0,
            3
        ],
        [
            0,
            3
        ],
        [
            0,
            3
        ],
        [
            0,
            3
        ],
        [
            0,
            3
        ],
        [
            0,
            3
        ],
        [
            0,
            3
        ],
        [
            0,
            3
        ],
        [
            0,
            3
        ],
        [
            0,
            3
        ],
        [
            0,
            3
        ],
        [
            0,
            3
        ],
        [
            0,
            3
        ],
        [
            0,
            3
        ],
        [
            0,
            3
        ],
        [
            0,
            3
        ],
        [
            0,
            3
        ]
    ]
}