{
    "env_id": 983,
    "times": [
        182.28355622291565,
        256.7632746696472,
        290.39102029800415,
        323.1763045787811,
        354.6807701587677,
        354.6807701587677,
        354.6807701587677,
        354.6807701587677,
        354.6807701587677,
        354.6807701587677,
        354.6807701587677,
        354.6807701587677,
        354.6807701587677,
        354.6807701587677,
        354.6807701587677,
        354.6807701587677,
        354.6807701587677,
        354.6807701587677,
        354.6807701587677
    ],
    "wcd_changes": [
        1,
        4,
        5,
        6,
        7,
        7,
        7,
        7,
        7,
        7,
        7,
        7,
        7,
        7,
        7,
        7,
        7,
        7,
        7
    ],
    "budgets": [
        [
            1,
            0
        ],
        [
            2,
            0
        ],
        [
            3,
            0
        ],
        [
            4,
            0
        ],
        [
            5,
            0
        ],
        [
            5,
            0
        ],
        [
            5,
            0
        ],
        [
            5,
            0
        ],
        [
            5,
            0
        ],
        [
            5,
            0
        ],
        [
            5,
            0
        ],
        [
            5,
            0
        ],
        [
            5,
            0
        ],
        [
            5,
            0
        ],
        [
            5,
            0
        ],
        [
            5,
            0
        ],
        [
            5,
            0
        ],
        [
            5,
            0
        ],
        [
            5,
            0
        ]
    ],
    "max_budgets": [
        19
    ],
    "num_changes": [
        [
            1,
            0
        ],
        [
            2,
            0
        ],
        [
            3,
            0
        ],
        [
            4,
            0
        ],
        [
            5,
            0
        ],
        [
            5,
            0
        ],
        [
            5,
            0
        ],
        [
            5,
            0
        ],
        [
            5,
            0
        ],
        [
            5,
            0
        ],
        [
            5,
            0
        ],
        [
            5,
            0
        ],
        [
            5,
            0
        ],
        [
            5,
            0
        ],
        [
            5,
            0
        ],
        [
            5,
            0
        ],
        [
            5,
            0
        ],
        [
            5,
            0
        ],
        [
            5,
            0
        ]
    ]
}