{
    "env_id": 453,
    "times": [
        82.45844793319702,
        82.45844793319702,
        82.45844793319702,
        82.45844793319702,
        82.45844793319702,
        82.45844793319702,
        82.45844793319702,
        82.45844793319702,
        82.45844793319702,
        82.45844793319702,
        82.45844793319702,
        82.45844793319702,
        82.45844793319702,
        82.45844793319702,
        82.45844793319702,
        82.45844793319702,
        82.45844793319702,
        82.45844793319702,
        82.45844793319702
    ],
    "wcd_changes": [
        1,
        1,
        1,
        1,
        1,
        1,
        1,
        1,
        1,
        1,
        1,
        1,
        1,
        1,
        1,
        1,
        1,
        1,
        1
    ],
    "budgets": [
        [
            1,
            0
        ],
        [
            1,
            0
        ],
        [
            1,
            0
        ],
        [
            1,
            0
        ],
        [
            1,
            0
        ],
        [
            1,
            0
        ],
        [
            1,
            0
        ],
        [
            1,
            0
        ],
        [
            1,
            0
        ],
        [
            1,
            0
        ],
        [
            1,
            0
        ],
        [
            1,
            0
        ],
        [
            1,
            0
        ],
        [
            1,
            0
        ],
        [
            1,
            0
        ],
        [
            1,
            0
        ],
        [
            1,
            0
        ],
        [
            1,
            0
        ],
        [
            1,
            0
        ]
    ],
    "max_budgets": [
        19
    ],
    "num_changes": [
        [
            1,
            0
        ],
        [
            1,
            0
        ],
        [
            1,
            0
        ],
        [
            1,
            0
        ],
        [
            1,
            0
        ],
        [
            1,
            0
        ],
        [
            1,
            0
        ],
        [
            1,
            0
        ],
        [
            1,
            0
        ],
        [
            1,
            0
        ],
        [
            1,
            0
        ],
        [
            1,
            0
        ],
        [
            1,
            0
        ],
        [
            1,
            0
        ],
        [
            1,
            0
        ],
        [
            1,
            0
        ],
        [
            1,
            0
        ],
        [
            1,
            0
        ],
        [
            1,
            0
        ]
    ]
}