{
    "env_id": 2082,
    "times": [
        350.5158181190491,
        733.0872511863708,
        600,
        600,
        600,
        600,
        600,
        600,
        600,
        600,
        600,
        600,
        600,
        600,
        600,
        600,
        600,
        600,
        600
    ],
    "wcd_changes": [
        2,
        3,
        3,
        3,
        3,
        3,
        3,
        3,
        3,
        3,
        3,
        3,
        3,
        3,
        3,
        3,
        3,
        3,
        3
    ],
    "budgets": [
        [
            0,
            1
        ],
        [
            1,
            1
        ],
        [
            1,
            1
        ],
        [
            1,
            1
        ],
        [
            1,
            1
        ],
        [
            1,
            1
        ],
        [
            1,
            1
        ],
        [
            1,
            1
        ],
        [
            1,
            1
        ],
        [
            1,
            1
        ],
        [
            1,
            1
        ],
        [
            1,
            1
        ],
        [
            1,
            1
        ],
        [
            1,
            1
        ],
        [
            1,
            1
        ],
        [
            1,
            1
        ],
        [
            1,
            1
        ],
        [
            1,
            1
        ],
        [
            1,
            1
        ]
    ],
    "max_budgets": [
        19
    ],
    "num_changes": [
        [
            0,
            1
        ],
        [
            1,
            1
        ],
        [
            1,
            1
        ],
        [
            1,
            1
        ],
        [
            1,
            1
        ],
        [
            1,
            1
        ],
        [
            1,
            1
        ],
        [
            1,
            1
        ],
        [
            1,
            1
        ],
        [
            1,
            1
        ],
        [
            1,
            1
        ],
        [
            1,
            1
        ],
        [
            1,
            1
        ],
        [
            1,
            1
        ],
        [
            1,
            1
        ],
        [
            1,
            1
        ],
        [
            1,
            1
        ],
        [
            1,
            1
        ],
        [
            1,
            1
        ]
    ]
}