{
    "env_id": 1790,
    "times": [
        48.477092027664185,
        91.4761106967926,
        140.09878158569336,
        162.43918752670288,
        185.49317812919617,
        185.49317812919617,
        185.49317812919617,
        185.49317812919617,
        185.49317812919617,
        185.49317812919617,
        185.49317812919617,
        185.49317812919617,
        185.49317812919617,
        185.49317812919617,
        185.49317812919617,
        185.49317812919617,
        185.49317812919617,
        185.49317812919617,
        185.49317812919617
    ],
    "wcd_changes": [
        1,
        2,
        3,
        4,
        4,
        4,
        4,
        4,
        4,
        4,
        4,
        4,
        4,
        4,
        4,
        4,
        4,
        4,
        4
    ],
    "budgets": [
        [
            1,
            0
        ],
        [
            1,
            1
        ],
        [
            2,
            1
        ],
        [
            2,
            2
        ],
        [
            2,
            2
        ],
        [
            2,
            2
        ],
        [
            2,
            2
        ],
        [
            2,
            2
        ],
        [
            2,
            2
        ],
        [
            2,
            2
        ],
        [
            2,
            2
        ],
        [
            2,
            2
        ],
        [
            2,
            2
        ],
        [
            2,
            2
        ],
        [
            2,
            2
        ],
        [
            2,
            2
        ],
        [
            2,
            2
        ],
        [
            2,
            2
        ],
        [
            2,
            2
        ]
    ],
    "max_budgets": [
        19
    ],
    "num_changes": [
        [
            1,
            0
        ],
        [
            1,
            1
        ],
        [
            2,
            1
        ],
        [
            2,
            2
        ],
        [
            2,
            2
        ],
        [
            2,
            2
        ],
        [
            2,
            2
        ],
        [
            2,
            2
        ],
        [
            2,
            2
        ],
        [
            2,
            2
        ],
        [
            2,
            2
        ],
        [
            2,
            2
        ],
        [
            2,
            2
        ],
        [
            2,
            2
        ],
        [
            2,
            2
        ],
        [
            2,
            2
        ],
        [
            2,
            2
        ],
        [
            2,
            2
        ],
        [
            2,
            2
        ]
    ]
}