{
    "env_id": 2167,
    "times": [
        32.41499161720276,
        73.8058819770813,
        91.80163383483887,
        110.25807666778564,
        126.9060263633728,
        126.9060263633728,
        126.9060263633728,
        126.9060263633728,
        126.9060263633728,
        126.9060263633728,
        126.9060263633728,
        126.9060263633728,
        126.9060263633728,
        126.9060263633728,
        126.9060263633728,
        126.9060263633728,
        126.9060263633728,
        126.9060263633728,
        126.9060263633728
    ],
    "wcd_changes": [
        2,
        4,
        5,
        7,
        8,
        8,
        8,
        8,
        8,
        8,
        8,
        8,
        8,
        8,
        8,
        8,
        8,
        8,
        8
    ],
    "budgets": [
        [
            0,
            1
        ],
        [
            1,
            1
        ],
        [
            2,
            1
        ],
        [
            3,
            1
        ],
        [
            4,
            1
        ],
        [
            4,
            1
        ],
        [
            4,
            1
        ],
        [
            4,
            1
        ],
        [
            4,
            1
        ],
        [
            4,
            1
        ],
        [
            4,
            1
        ],
        [
            4,
            1
        ],
        [
            4,
            1
        ],
        [
            4,
            1
        ],
        [
            4,
            1
        ],
        [
            4,
            1
        ],
        [
            4,
            1
        ],
        [
            4,
            1
        ],
        [
            4,
            1
        ]
    ],
    "max_budgets": [
        19
    ],
    "num_changes": [
        [
            0,
            1
        ],
        [
            1,
            1
        ],
        [
            2,
            1
        ],
        [
            3,
            1
        ],
        [
            4,
            1
        ],
        [
            4,
            1
        ],
        [
            4,
            1
        ],
        [
            4,
            1
        ],
        [
            4,
            1
        ],
        [
            4,
            1
        ],
        [
            4,
            1
        ],
        [
            4,
            1
        ],
        [
            4,
            1
        ],
        [
            4,
            1
        ],
        [
            4,
            1
        ],
        [
            4,
            1
        ],
        [
            4,
            1
        ],
        [
            4,
            1
        ],
        [
            4,
            1
        ]
    ]
}