{
    "env_id": 1647,
    "times": [
        24.55208659172058,
        51.042320013046265,
        78.84117484092712,
        103.68605828285217,
        103.68605828285217,
        103.68605828285217,
        103.68605828285217,
        103.68605828285217,
        103.68605828285217,
        103.68605828285217,
        103.68605828285217,
        103.68605828285217,
        103.68605828285217,
        103.68605828285217,
        103.68605828285217,
        103.68605828285217,
        103.68605828285217,
        103.68605828285217,
        103.68605828285217
    ],
    "wcd_changes": [
        3,
        4,
        5,
        6,
        6,
        6,
        6,
        6,
        6,
        6,
        6,
        6,
        6,
        6,
        6,
        6,
        6,
        6,
        6
    ],
    "budgets": [
        [
            0,
            1
        ],
        [
            0,
            2
        ],
        [
            1,
            2
        ],
        [
            1,
            3
        ],
        [
            1,
            3
        ],
        [
            1,
            3
        ],
        [
            1,
            3
        ],
        [
            1,
            3
        ],
        [
            1,
            3
        ],
        [
            1,
            3
        ],
        [
            1,
            3
        ],
        [
            1,
            3
        ],
        [
            1,
            3
        ],
        [
            1,
            3
        ],
        [
            1,
            3
        ],
        [
            1,
            3
        ],
        [
            1,
            3
        ],
        [
            1,
            3
        ],
        [
            1,
            3
        ]
    ],
    "max_budgets": [
        19
    ],
    "num_changes": [
        [
            0,
            1
        ],
        [
            0,
            2
        ],
        [
            1,
            2
        ],
        [
            1,
            3
        ],
        [
            1,
            3
        ],
        [
            1,
            3
        ],
        [
            1,
            3
        ],
        [
            1,
            3
        ],
        [
            1,
            3
        ],
        [
            1,
            3
        ],
        [
            1,
            3
        ],
        [
            1,
            3
        ],
        [
            1,
            3
        ],
        [
            1,
            3
        ],
        [
            1,
            3
        ],
        [
            1,
            3
        ],
        [
            1,
            3
        ],
        [
            1,
            3
        ],
        [
            1,
            3
        ]
    ]
}