{
    "env_id": 572,
    "times": [
        131.88394165039062,
        272.61663484573364,
        444.51566433906555,
        444.51566433906555,
        444.51566433906555,
        444.51566433906555,
        444.51566433906555,
        444.51566433906555,
        444.51566433906555,
        444.51566433906555,
        444.51566433906555,
        444.51566433906555,
        444.51566433906555,
        444.51566433906555,
        444.51566433906555,
        444.51566433906555,
        444.51566433906555,
        444.51566433906555,
        444.51566433906555
    ],
    "wcd_changes": [
        2,
        3,
        5,
        5,
        5,
        5,
        5,
        5,
        5,
        5,
        5,
        5,
        5,
        5,
        5,
        5,
        5,
        5,
        5
    ],
    "budgets": [
        [
            0,
            1
        ],
        [
            0,
            2
        ],
        [
            0,
            3
        ],
        [
            0,
            3
        ],
        [
            0,
            3
        ],
        [
            0,
            3
        ],
        [
            0,
            3
        ],
        [
            0,
            3
        ],
        [
            0,
            3
        ],
        [
            0,
            3
        ],
        [
            0,
            3
        ],
        [
            0,
            3
        ],
        [
            0,
            3
        ],
        [
            0,
            3
        ],
        [
            0,
            3
        ],
        [
            0,
            3
        ],
        [
            0,
            3
        ],
        [
            0,
            3
        ],
        [
            0,
            3
        ]
    ],
    "max_budgets": [
        19
    ],
    "num_changes": [
        [
            0,
            1
        ],
        [
            0,
            2
        ],
        [
            0,
            3
        ],
        [
            0,
            3
        ],
        [
            0,
            3
        ],
        [
            0,
            3
        ],
        [
            0,
            3
        ],
        [
            0,
            3
        ],
        [
            0,
            3
        ],
        [
            0,
            3
        ],
        [
            0,
            3
        ],
        [
            0,
            3
        ],
        [
            0,
            3
        ],
        [
            0,
            3
        ],
        [
            0,
            3
        ],
        [
            0,
            3
        ],
        [
            0,
            3
        ],
        [
            0,
            3
        ],
        [
            0,
            3
        ]
    ]
}