{
    "env_id": 99,
    "times": [
        20.260831832885742,
        45.97955918312073,
        45.97955918312073,
        45.97955918312073,
        45.97955918312073,
        45.97955918312073,
        45.97955918312073,
        45.97955918312073,
        45.97955918312073,
        45.97955918312073,
        45.97955918312073,
        45.97955918312073,
        45.97955918312073,
        45.97955918312073,
        45.97955918312073,
        45.97955918312073,
        45.97955918312073,
        45.97955918312073,
        45.97955918312073
    ],
    "wcd_changes": [
        3,
        3,
        3,
        3,
        3,
        3,
        3,
        3,
        3,
        3,
        3,
        3,
        3,
        3,
        3,
        3,
        3,
        3,
        3
    ],
    "budgets": [
        [
            0,
            1
        ],
        [
            0,
            1
        ],
        [
            0,
            1
        ],
        [
            0,
            1
        ],
        [
            0,
            1
        ],
        [
            0,
            1
        ],
        [
            0,
            1
        ],
        [
            0,
            1
        ],
        [
            0,
            1
        ],
        [
            0,
            1
        ],
        [
            0,
            1
        ],
        [
            0,
            1
        ],
        [
            0,
            1
        ],
        [
            0,
            1
        ],
        [
            0,
            1
        ],
        [
            0,
            1
        ],
        [
            0,
            1
        ],
        [
            0,
            1
        ],
        [
            0,
            1
        ]
    ],
    "max_budgets": [
        19
    ],
    "num_changes": [
        [
            0,
            1
        ],
        [
            0,
            1
        ],
        [
            0,
            1
        ],
        [
            0,
            1
        ],
        [
            0,
            1
        ],
        [
            0,
            1
        ],
        [
            0,
            1
        ],
        [
            0,
            1
        ],
        [
            0,
            1
        ],
        [
            0,
            1
        ],
        [
            0,
            1
        ],
        [
            0,
            1
        ],
        [
            0,
            1
        ],
        [
            0,
            1
        ],
        [
            0,
            1
        ],
        [
            0,
            1
        ],
        [
            0,
            1
        ],
        [
            0,
            1
        ],
        [
            0,
            1
        ]
    ]
}