{
    "env_id": 663,
    "times": [
        80.88685846328735,
        80.88685846328735,
        80.88685846328735,
        80.88685846328735,
        80.88685846328735,
        80.88685846328735,
        80.88685846328735,
        80.88685846328735,
        80.88685846328735,
        80.88685846328735,
        80.88685846328735,
        80.88685846328735,
        80.88685846328735,
        80.88685846328735,
        80.88685846328735,
        80.88685846328735,
        80.88685846328735,
        80.88685846328735,
        80.88685846328735
    ],
    "wcd_changes": [
        1,
        1,
        1,
        1,
        1,
        1,
        1,
        1,
        1,
        1,
        1,
        1,
        1,
        1,
        1,
        1,
        1,
        1,
        1
    ],
    "budgets": [
        [
            1,
            0
        ],
        [
            1,
            0
        ],
        [
            1,
            0
        ],
        [
            1,
            0
        ],
        [
            1,
            0
        ],
        [
            1,
            0
        ],
        [
            1,
            0
        ],
        [
            1,
            0
        ],
        [
            1,
            0
        ],
        [
            1,
            0
        ],
        [
            1,
            0
        ],
        [
            1,
            0
        ],
        [
            1,
            0
        ],
        [
            1,
            0
        ],
        [
            1,
            0
        ],
        [
            1,
            0
        ],
        [
            1,
            0
        ],
        [
            1,
            0
        ],
        [
            1,
            0
        ]
    ],
    "max_budgets": [
        19
    ],
    "num_changes": [
        [
            1,
            0
        ],
        [
            1,
            0
        ],
        [
            1,
            0
        ],
        [
            1,
            0
        ],
        [
            1,
            0
        ],
        [
            1,
            0
        ],
        [
            1,
            0
        ],
        [
            1,
            0
        ],
        [
            1,
            0
        ],
        [
            1,
            0
        ],
        [
            1,
            0
        ],
        [
            1,
            0
        ],
        [
            1,
            0
        ],
        [
            1,
            0
        ],
        [
            1,
            0
        ],
        [
            1,
            0
        ],
        [
            1,
            0
        ],
        [
            1,
            0
        ],
        [
            1,
            0
        ]
    ]
}