{
    "env_id": 1079,
    "times": [
        57.19012093544006,
        109.3752703666687,
        152.90007901191711,
        152.90007901191711,
        152.90007901191711,
        152.90007901191711,
        152.90007901191711,
        152.90007901191711,
        152.90007901191711,
        152.90007901191711,
        152.90007901191711,
        152.90007901191711,
        152.90007901191711,
        152.90007901191711,
        152.90007901191711,
        152.90007901191711,
        152.90007901191711,
        152.90007901191711,
        152.90007901191711
    ],
    "wcd_changes": [
        2,
        4,
        5,
        5,
        5,
        5,
        5,
        5,
        5,
        5,
        5,
        5,
        5,
        5,
        5,
        5,
        5,
        5,
        5
    ],
    "budgets": [
        [
            1,
            0
        ],
        [
            2,
            0
        ],
        [
            2,
            1
        ],
        [
            2,
            1
        ],
        [
            2,
            1
        ],
        [
            2,
            1
        ],
        [
            2,
            1
        ],
        [
            2,
            1
        ],
        [
            2,
            1
        ],
        [
            2,
            1
        ],
        [
            2,
            1
        ],
        [
            2,
            1
        ],
        [
            2,
            1
        ],
        [
            2,
            1
        ],
        [
            2,
            1
        ],
        [
            2,
            1
        ],
        [
            2,
            1
        ],
        [
            2,
            1
        ],
        [
            2,
            1
        ]
    ],
    "max_budgets": [
        19
    ],
    "num_changes": [
        [
            1,
            0
        ],
        [
            2,
            0
        ],
        [
            2,
            1
        ],
        [
            2,
            1
        ],
        [
            2,
            1
        ],
        [
            2,
            1
        ],
        [
            2,
            1
        ],
        [
            2,
            1
        ],
        [
            2,
            1
        ],
        [
            2,
            1
        ],
        [
            2,
            1
        ],
        [
            2,
            1
        ],
        [
            2,
            1
        ],
        [
            2,
            1
        ],
        [
            2,
            1
        ],
        [
            2,
            1
        ],
        [
            2,
            1
        ],
        [
            2,
            1
        ],
        [
            2,
            1
        ]
    ]
}